/*******************************************************************************
 * Size: 12 px
 * Bpp: 1
 * Opts: --font fusion-pixel-12px-monospaced-zh_hans.otf --size 12 --bpp 1 --no-compress --format lvgl --lv-include lvgl.h --symbols  !"#$%&'()*+,-./0123456789:;<=>?@ABCDEFGHIJKLMNOPQRSTUVWXYZ[\]^_`abcdefghijklmnopqrstuvwxyz{|}~·—…→①②▲▶▼◀○●★☆、。「」【】一上下不与丢个中串主义也了于亡交亮人今仍从他以件任份优会伪但位低住何作你使例依保信候借值做像允先克入全公共关其内再写冲决准出击刀分则创初利别到制前加务动势化区千半单博厅原友双发口句只可号合同名后向否听启告和嘀器回固在地址坐型堆填声处备复多夜大天太失头女好如始字存安完定实家容密对导小少就局峰巫差己已常平序应座建开弃弈式引张强当录待律必忘念态思息意懂戏成或截房所手才打执扫找把投择持按换据掉接提操擦改放效救数整文断新方无旧时明昨是显晚晰暂曝更替最有服未本机杀权村束来松果查标样根格桌梯检模次欢正此步死段母每毒民池没活测消清游满灭点炼热牌状狼玩环现理瓶用由电留白百的益目看真眼睁睛知短码确示神票离私秒稍稿空端符第等策简紧纪线经结给络继续综缓编缩网置考职胜能脑自色节药获菜营藏虚行衡补表被袭装要观规角解言计讨记许论设证识试诚话语误说请读调象败超跳踢身转轮输过迎运返还这进连退送选逐通造都配采里重量错键长闭问间队阵阶际除险隐需静面音页顺须预频风首验麦黑齐！（），：； -o font_pixel_12.c
 ******************************************************************************/

#ifdef LV_LVGL_H_INCLUDE_SIMPLE
#include "lvgl.h"
#else
#include "lvgl.h"
#endif

#ifndef FONT_PIXEL_12
#define FONT_PIXEL_12 1
#endif

#if FONT_PIXEL_12

/*-----------------
 *    BITMAPS
 *----------------*/

/*Store the image of the glyphs*/
static LV_ATTRIBUTE_LARGE_CONST const uint8_t glyph_bitmap[] = {
    /* U+0020 " " */
    0x0,

    /* U+0021 "!" */
    0xfd,

    /* U+0022 "\"" */
    0xb6, 0x80,

    /* U+0023 "#" */
    0x52, 0xbe, 0xa5, 0x7d, 0x4a,

    /* U+0024 "$" */
    0x23, 0xab, 0x46, 0x18, 0xb5, 0x71, 0x0,

    /* U+0025 "%" */
    0x4d, 0x54, 0x42, 0x2a, 0xb2,

    /* U+0026 "&" */
    0x64, 0xa5, 0x44, 0xd6, 0x4d,

    /* U+0027 "'" */
    0xe0,

    /* U+0028 "(" */
    0x29, 0x49, 0x22, 0x44,

    /* U+0029 ")" */
    0x89, 0x12, 0x4a, 0x50,

    /* U+002A "*" */
    0x25, 0x5d, 0x52, 0x0,

    /* U+002B "+" */
    0x21, 0x3e, 0x42, 0x0,

    /* U+002C "," */
    0x58,

    /* U+002D "-" */
    0xf8,

    /* U+002E "." */
    0x80,

    /* U+002F "/" */
    0x8, 0x44, 0x22, 0x11, 0x8, 0x84, 0x0,

    /* U+0030 "0" */
    0x74, 0x67, 0x5a, 0xe6, 0x2e,

    /* U+0031 "1" */
    0x27, 0x8, 0x42, 0x10, 0x9f,

    /* U+0032 "2" */
    0x74, 0x42, 0x22, 0x22, 0x1f,

    /* U+0033 "3" */
    0x74, 0x42, 0x60, 0x86, 0x2e,

    /* U+0034 "4" */
    0x32, 0x95, 0x29, 0x7c, 0x42,

    /* U+0035 "5" */
    0xfc, 0x21, 0xe0, 0x86, 0x2e,

    /* U+0036 "6" */
    0x74, 0x61, 0xe8, 0xc6, 0x2e,

    /* U+0037 "7" */
    0xf8, 0x42, 0x21, 0x10, 0x84,

    /* U+0038 "8" */
    0x74, 0x62, 0xe8, 0xc6, 0x2e,

    /* U+0039 "9" */
    0x74, 0x63, 0x17, 0x86, 0x2e,

    /* U+003A ":" */
    0x84,

    /* U+003B ";" */
    0x40, 0x16,

    /* U+003C "<" */
    0x12, 0x48, 0x42, 0x10,

    /* U+003D "=" */
    0xf8, 0x3e,

    /* U+003E ">" */
    0x84, 0x21, 0x24, 0x80,

    /* U+003F "?" */
    0x74, 0x42, 0x22, 0x10, 0x4,

    /* U+0040 "@" */
    0x74, 0x67, 0x5a, 0xd6, 0xf0, 0x70,

    /* U+0041 "A" */
    0x21, 0x14, 0xa7, 0x46, 0x31,

    /* U+0042 "B" */
    0xf4, 0x63, 0xe8, 0xc6, 0x3e,

    /* U+0043 "C" */
    0x74, 0x61, 0x8, 0x42, 0x2e,

    /* U+0044 "D" */
    0xf4, 0x63, 0x18, 0xc6, 0x3e,

    /* U+0045 "E" */
    0xfc, 0x21, 0xe8, 0x42, 0x1f,

    /* U+0046 "F" */
    0xfc, 0x21, 0xe8, 0x42, 0x10,

    /* U+0047 "G" */
    0x74, 0x61, 0x9, 0xc6, 0x2f,

    /* U+0048 "H" */
    0x8c, 0x63, 0xf8, 0xc6, 0x31,

    /* U+0049 "I" */
    0xf9, 0x8, 0x42, 0x10, 0x9f,

    /* U+004A "J" */
    0x8, 0x42, 0x10, 0xc6, 0x2e,

    /* U+004B "K" */
    0x8c, 0xa9, 0x8c, 0x52, 0x51,

    /* U+004C "L" */
    0x84, 0x21, 0x8, 0x42, 0x1f,

    /* U+004D "M" */
    0x8c, 0x77, 0xba, 0xd6, 0x31,

    /* U+004E "N" */
    0x8e, 0x73, 0x5a, 0xce, 0x71,

    /* U+004F "O" */
    0x74, 0x63, 0x18, 0xc6, 0x2e,

    /* U+0050 "P" */
    0xf4, 0x63, 0x1f, 0x42, 0x10,

    /* U+0051 "Q" */
    0x74, 0x63, 0x18, 0xd6, 0x4d,

    /* U+0052 "R" */
    0xf4, 0x63, 0x1f, 0x4a, 0x31,

    /* U+0053 "S" */
    0x74, 0x60, 0xc1, 0x6, 0x2e,

    /* U+0054 "T" */
    0xf9, 0x8, 0x42, 0x10, 0x84,

    /* U+0055 "U" */
    0x8c, 0x63, 0x18, 0xc6, 0x2e,

    /* U+0056 "V" */
    0x8c, 0x62, 0xa5, 0x28, 0x84,

    /* U+0057 "W" */
    0xad, 0x6b, 0x5a, 0xa9, 0x4a,

    /* U+0058 "X" */
    0x8c, 0x54, 0x42, 0x2a, 0x31,

    /* U+0059 "Y" */
    0x8c, 0x54, 0xa2, 0x10, 0x84,

    /* U+005A "Z" */
    0xf8, 0x44, 0x42, 0x22, 0x1f,

    /* U+005B "[" */
    0xf2, 0x49, 0x24, 0x9c,

    /* U+005C "\\" */
    0x84, 0x10, 0x82, 0x10, 0x42, 0x8, 0x40,

    /* U+005D "]" */
    0xe4, 0x92, 0x49, 0x3c,

    /* U+005E "^" */
    0x22, 0xa2,

    /* U+005F "_" */
    0xf8,

    /* U+0060 "`" */
    0x90,

    /* U+0061 "a" */
    0x70, 0x5f, 0x18, 0xbc,

    /* U+0062 "b" */
    0x84, 0x3d, 0x18, 0xc6, 0x3e,

    /* U+0063 "c" */
    0x74, 0x61, 0x8, 0xb8,

    /* U+0064 "d" */
    0x8, 0x5f, 0x18, 0xc6, 0x2f,

    /* U+0065 "e" */
    0x74, 0x7f, 0x8, 0xb8,

    /* U+0066 "f" */
    0x19, 0x3e, 0x42, 0x10, 0x84,

    /* U+0067 "g" */
    0x7c, 0x63, 0x18, 0xbc, 0x2e,

    /* U+0068 "h" */
    0x84, 0x2d, 0x98, 0xc6, 0x31,

    /* U+0069 "i" */
    0x20, 0x38, 0x42, 0x10, 0x9f,

    /* U+006A "j" */
    0x10, 0xf1, 0x11, 0x11, 0x1e,

    /* U+006B "k" */
    0x84, 0x23, 0x6c, 0x52, 0x51,

    /* U+006C "l" */
    0xe1, 0x8, 0x42, 0x10, 0x83,

    /* U+006D "m" */
    0xd5, 0x6b, 0x5a, 0xd4,

    /* U+006E "n" */
    0xb6, 0x63, 0x18, 0xc4,

    /* U+006F "o" */
    0x74, 0x63, 0x18, 0xb8,

    /* U+0070 "p" */
    0xf4, 0x63, 0x18, 0xfa, 0x10,

    /* U+0071 "q" */
    0x7c, 0x63, 0x18, 0xbc, 0x21,

    /* U+0072 "r" */
    0xb6, 0x61, 0x8, 0x40,

    /* U+0073 "s" */
    0x74, 0x58, 0x28, 0xb8,

    /* U+0074 "t" */
    0x21, 0x3e, 0x42, 0x10, 0x83,

    /* U+0075 "u" */
    0x8c, 0x63, 0x19, 0xb4,

    /* U+0076 "v" */
    0x8c, 0x54, 0xa2, 0x10,

    /* U+0077 "w" */
    0xad, 0x6b, 0x55, 0x28,

    /* U+0078 "x" */
    0x8a, 0x88, 0x45, 0x44,

    /* U+0079 "y" */
    0x8c, 0x62, 0xa5, 0x10, 0x98,

    /* U+007A "z" */
    0xf8, 0x88, 0x88, 0x7c,

    /* U+007B "{" */
    0x34, 0x44, 0x84, 0x44, 0x43,

    /* U+007C "|" */
    0xff, 0xc0,

    /* U+007D "}" */
    0xc2, 0x22, 0x12, 0x22, 0x2c,

    /* U+007E "~" */
    0x45, 0x44,

    /* U+00B7 "·" */
    0xf0,

    /* U+2014 "—" */
    0xff, 0xe0,

    /* U+2026 "…" */
    0xcc, 0xf3, 0x30,

    /* U+2192 "→" */
    0x0, 0x80, 0xb, 0xff, 0x80, 0x20, 0x8,

    /* U+2460 "①" */
    0xe, 0x6, 0x31, 0x11, 0x26, 0x28, 0x43, 0x8,
    0x61, 0xa, 0x22, 0x4e, 0x46, 0x30, 0x38, 0x0,

    /* U+2461 "②" */
    0xe, 0x6, 0x31, 0x39, 0x28, 0xa8, 0x13, 0xc,
    0x62, 0xa, 0x82, 0x5f, 0x46, 0x30, 0x38, 0x0,

    /* U+25B2 "▲" */
    0x8, 0xe, 0x7, 0x7, 0xc3, 0xe3, 0xf9, 0xfd,
    0xff, 0xff, 0x80,

    /* U+25B6 "▶" */
    0xc0, 0x78, 0x3f, 0x1f, 0xef, 0xff, 0xfb, 0xf1,
    0xe0, 0xc0, 0x0,

    /* U+25BC "▼" */
    0xff, 0xff, 0xdf, 0xcf, 0xe3, 0xe1, 0xf0, 0x70,
    0x38, 0x8, 0x0,

    /* U+25C0 "◀" */
    0x1, 0x83, 0xc7, 0xef, 0xff, 0xfb, 0xfc, 0x7e,
    0xf, 0x1, 0x80,

    /* U+25CB "○" */
    0xe, 0x6, 0x31, 0x1, 0x20, 0x28, 0x3, 0x0,
    0x60, 0xa, 0x2, 0x40, 0x46, 0x30, 0x38, 0x0,

    /* U+25CF "●" */
    0xe, 0x7, 0xf1, 0xff, 0x3f, 0xef, 0xff, 0xff,
    0xff, 0xfb, 0xfe, 0x7f, 0xc7, 0xf0, 0x38, 0x0,

    /* U+2605 "★" */
    0x4, 0x0, 0x80, 0x38, 0x7, 0xf, 0xfe, 0x7f,
    0x7, 0xc0, 0xf8, 0x3b, 0x86, 0x31, 0x1, 0x0,

    /* U+2606 "☆" */
    0x4, 0x0, 0x80, 0x28, 0x5, 0xf, 0x1e, 0x41,
    0x4, 0x40, 0xa8, 0x2a, 0x86, 0x31, 0x1, 0x0,

    /* U+3001 "、" */
    0x8c, 0x80,

    /* U+3002 "。" */
    0x69, 0x96,

    /* U+300C "「" */
    0xf8, 0x88, 0x88, 0x88,

    /* U+300D "」" */
    0x11, 0x11, 0x11, 0x1f,

    /* U+3010 "【" */
    0xff, 0xb9, 0xcc, 0x63, 0x1c, 0xe7, 0xbe,

    /* U+3011 "】" */
    0xfb, 0xce, 0x71, 0x8c, 0x67, 0x3b, 0xfe,

    /* U+4E00 "一" */
    0xff, 0xe0,

    /* U+4E0A "上" */
    0x4, 0x0, 0x80, 0x10, 0x2, 0x0, 0x7c, 0x8,
    0x1, 0x0, 0x20, 0x4, 0x0, 0x83, 0xff, 0x80,

    /* U+4E0B "下" */
    0xff, 0xe0, 0x80, 0x10, 0x2, 0x0, 0x50, 0x9,
    0x1, 0x10, 0x20, 0x4, 0x0, 0x80, 0x10, 0x0,

    /* U+4E0D "不" */
    0xff, 0xe0, 0x40, 0x10, 0x6, 0x1, 0x50, 0x49,
    0x31, 0x10, 0x21, 0x4, 0x0, 0x80, 0x10, 0x0,

    /* U+4E0E "与" */
    0x10, 0x3, 0xfc, 0x40, 0x10, 0x3, 0xfe, 0x0,
    0x40, 0xf, 0xf9, 0x0, 0x20, 0x4, 0x7, 0x0,

    /* U+4E22 "丢" */
    0x3, 0xcf, 0x80, 0x10, 0x3f, 0xe0, 0x40, 0x8,
    0x3f, 0xf8, 0x40, 0x11, 0x4, 0x11, 0xfd, 0x0,

    /* U+4E2A "个" */
    0x4, 0x1, 0x40, 0x44, 0x10, 0x4c, 0x46, 0x8,
    0x1, 0x0, 0x20, 0x4, 0x0, 0x80, 0x10, 0x0,

    /* U+4E2D "中" */
    0x4, 0x0, 0x83, 0xff, 0xc2, 0x18, 0x43, 0x8,
    0x7f, 0xf8, 0x20, 0x4, 0x0, 0x80, 0x10, 0x0,

    /* U+4E32 "串" */
    0x4, 0xf, 0xf9, 0x11, 0x22, 0x27, 0xfc, 0x8,
    0x3f, 0xfc, 0x21, 0x84, 0x3f, 0xfc, 0x10, 0x0,

    /* U+4E3B "主" */
    0x8, 0x0, 0x83, 0xff, 0x82, 0x0, 0x40, 0x8,
    0x1f, 0xf0, 0x20, 0x4, 0x0, 0x83, 0xff, 0x80,

    /* U+4E49 "义" */
    0x8, 0x8, 0x89, 0x11, 0x10, 0x42, 0x8, 0x22,
    0x2, 0x80, 0x20, 0xa, 0x6, 0x33, 0x1, 0x80,

    /* U+4E5F "也" */
    0x4, 0x4, 0x80, 0x93, 0x13, 0xa3, 0xc5, 0xc8,
    0x89, 0x31, 0x20, 0x20, 0x24, 0x4, 0x7f, 0x80,

    /* U+4E86 "了" */
    0xff, 0x80, 0x40, 0x40, 0x40, 0x40, 0x20, 0x10,
    0x8, 0x4, 0x2, 0x7, 0x0,

    /* U+4E8E "于" */
    0x7f, 0xc0, 0x80, 0x10, 0x2, 0x0, 0x41, 0xff,
    0xc1, 0x0, 0x20, 0x4, 0x0, 0x80, 0x70, 0x0,

    /* U+4EA1 "亡" */
    0x8, 0x0, 0x83, 0xff, 0x90, 0x2, 0x0, 0x40,
    0x8, 0x1, 0x0, 0x20, 0x4, 0x0, 0xff, 0x0,

    /* U+4EA4 "交" */
    0x4, 0x1f, 0xfc, 0x0, 0x8, 0x82, 0x9, 0xa2,
    0xc2, 0x80, 0x20, 0xa, 0x6, 0x33, 0x1, 0x80,

    /* U+4EAE "亮" */
    0x4, 0x1f, 0xfc, 0x82, 0x1f, 0xc0, 0x1, 0xff,
    0xe0, 0x8, 0xf8, 0x11, 0x4, 0x27, 0x7, 0x80,

    /* U+4EBA "人" */
    0x4, 0x0, 0x80, 0x10, 0x2, 0x0, 0xa0, 0x14,
    0x4, 0x40, 0x88, 0x20, 0x88, 0xa, 0x0, 0x80,

    /* U+4ECA "今" */
    0x4, 0x1, 0x40, 0xc6, 0x60, 0x30, 0x40, 0x4,
    0x1f, 0xf0, 0x4, 0x1, 0x0, 0x40, 0x10, 0x0,

    /* U+4ECD "仍" */
    0x2f, 0xc4, 0x89, 0x11, 0x22, 0x4c, 0x4e, 0x88,
    0x51, 0xa, 0x21, 0x48, 0x29, 0x5, 0x43, 0x0,

    /* U+4ECE "从" */
    0x11, 0x2, 0x20, 0x44, 0x8, 0x81, 0x10, 0x55,
    0xa, 0xa1, 0x54, 0x44, 0x48, 0x8a, 0x20, 0x80,

    /* U+4ED6 "他" */
    0x21, 0x5, 0x21, 0x25, 0xa5, 0xdd, 0xd2, 0x92,
    0x52, 0x5a, 0x48, 0x48, 0x29, 0x5, 0x1f, 0x80,

    /* U+4EE5 "以" */
    0x1, 0x24, 0x48, 0x92, 0x24, 0x81, 0x20, 0x49,
    0x22, 0x88, 0xc5, 0x22, 0x23, 0x4,

    /* U+4EF6 "件" */
    0x29, 0x5, 0x21, 0x3f, 0xa8, 0x8c, 0x10, 0x82,
    0x17, 0xfa, 0x8, 0x41, 0x8, 0x21, 0x4, 0x0,

    /* U+4EFB "任" */
    0x20, 0xc5, 0xe1, 0x4, 0x20, 0x8c, 0x10, 0xbf,
    0xd0, 0x42, 0x8, 0x41, 0x8, 0x21, 0x3f, 0x0,

    /* U+4EFD "份" */
    0x24, 0x84, 0x91, 0x21, 0x24, 0x2d, 0x2, 0x9f,
    0x91, 0x12, 0x22, 0x48, 0x49, 0x9, 0x46, 0x0,

    /* U+4F18 "优" */
    0x22, 0x84, 0x49, 0x8, 0x2f, 0xfc, 0x20, 0x8a,
    0x11, 0x42, 0x28, 0x49, 0x29, 0x25, 0x47, 0x80,

    /* U+4F1A "会" */
    0x4, 0x1, 0x40, 0xc6, 0x60, 0x33, 0xf8, 0x0,
    0x0, 0x7, 0xff, 0x10, 0x4, 0x11, 0xfd, 0x0,

    /* U+4F2A "伪" */
    0x29, 0x4, 0xa1, 0x4, 0x2f, 0xfc, 0x22, 0x86,
    0x50, 0xaa, 0x25, 0x44, 0x29, 0x5, 0x43, 0x0,

    /* U+4F46 "但" */
    0x2f, 0xc5, 0x9, 0x21, 0x24, 0x2c, 0xfc, 0x90,
    0x92, 0x12, 0x42, 0x4f, 0xc8, 0x1, 0x7f, 0x80,

    /* U+4F4D "位" */
    0x22, 0x4, 0x21, 0x7f, 0xa0, 0xc, 0x84, 0x90,
    0x91, 0x12, 0x24, 0x44, 0x88, 0x21, 0x7f, 0x80,

    /* U+4F4E "低" */
    0x20, 0xc5, 0xe1, 0x24, 0x24, 0x8c, 0x90, 0x9f,
    0xd2, 0x42, 0x44, 0x48, 0xa9, 0x4d, 0x34, 0x80,

    /* U+4F4F "住" */
    0x22, 0x4, 0x21, 0x7f, 0xa0, 0x8c, 0x10, 0x82,
    0x13, 0xf2, 0x8, 0x41, 0x8, 0x21, 0x7f, 0x80,

    /* U+4F55 "何" */
    0x2f, 0xe4, 0x9, 0x1, 0x27, 0xac, 0x94, 0x92,
    0x92, 0x52, 0x7a, 0x40, 0x48, 0x9, 0x7, 0x0,

    /* U+4F5C "作" */
    0x24, 0x4, 0x81, 0x1f, 0xa5, 0xd, 0x20, 0x87,
    0xd0, 0x82, 0x10, 0x43, 0xe8, 0x41, 0x8, 0x0,

    /* U+4F60 "你" */
    0x28, 0x5, 0xfd, 0x20, 0xa8, 0x9c, 0x10, 0x8a,
    0x91, 0x52, 0x49, 0x51, 0x28, 0x21, 0xc, 0x0,

    /* U+4F7F "使" */
    0x21, 0x5, 0xfd, 0x4, 0x27, 0xfc, 0x92, 0x92,
    0x53, 0xfa, 0x28, 0x42, 0x8, 0xa1, 0x63, 0x80,

    /* U+4F8B "例" */
    0x3e, 0x25, 0x15, 0x22, 0xa7, 0x5d, 0x2a, 0xa5,
    0x52, 0xaa, 0x25, 0x44, 0x29, 0x5, 0x43, 0x80,

    /* U+4F9D "依" */
    0x22, 0x4, 0x21, 0x7f, 0xa1, 0xc, 0x50, 0x92,
    0x56, 0x52, 0x44, 0x48, 0x89, 0x49, 0x30, 0x80,

    /* U+4FDD "保" */
    0x2f, 0xc5, 0x9, 0x21, 0x27, 0xec, 0x10, 0x82,
    0x17, 0xfa, 0x1c, 0x45, 0x4b, 0x25, 0x4, 0x0,

    /* U+4FE1 "信" */
    0x22, 0x4, 0x21, 0x7f, 0xa0, 0xc, 0xfc, 0x80,
    0x13, 0xf2, 0x0, 0x4f, 0xc9, 0x9, 0x3f, 0x0,

    /* U+5019 "候" */
    0x27, 0xc4, 0x9, 0x7f, 0xaa, 0xd, 0x7e, 0xb2,
    0x14, 0x42, 0xff, 0x52, 0x88, 0x89, 0x20, 0x80,

    /* U+501F "借" */
    0x24, 0x85, 0xf9, 0x12, 0x22, 0x4d, 0xfe, 0x80,
    0x13, 0xf2, 0x42, 0x4f, 0xc9, 0x9, 0x3f, 0x0,

    /* U+503C "值" */
    0x21, 0x5, 0xfd, 0x4, 0x27, 0xec, 0x84, 0x9f,
    0x92, 0x12, 0x7e, 0x48, 0x49, 0x9, 0x7f, 0x80,

    /* U+505A "做" */
    0x29, 0x5, 0x21, 0x77, 0xa5, 0x2c, 0x94, 0x92,
    0x97, 0x52, 0xaa, 0x54, 0x8a, 0xa9, 0x78, 0x80,

    /* U+50CF "像" */
    0x27, 0x85, 0x11, 0x7f, 0xa4, 0x9c, 0xfe, 0x8e,
    0x16, 0x6a, 0x36, 0x59, 0xa8, 0xd5, 0x66, 0x0,

    /* U+5141 "允" */
    0x4, 0x1, 0x0, 0x44, 0x10, 0x47, 0xfc, 0x22,
    0x84, 0x40, 0x88, 0x11, 0x24, 0x27, 0x7, 0x80,

    /* U+5148 "先" */
    0x24, 0x4, 0x80, 0xff, 0x22, 0x0, 0x41, 0xff,
    0xc4, 0x40, 0x88, 0x11, 0x24, 0x27, 0x7, 0x80,

    /* U+514B "克" */
    0x4, 0x1f, 0xfc, 0x10, 0x3f, 0xe4, 0x4, 0x80,
    0x9f, 0xf0, 0x88, 0x11, 0x24, 0x27, 0x7, 0x80,

    /* U+5165 "入" */
    0x10, 0x1, 0x0, 0x10, 0x2, 0x0, 0xa0, 0x14,
    0x4, 0x40, 0x88, 0x20, 0x88, 0xa, 0x0, 0x80,

    /* U+5168 "全" */
    0x4, 0x1, 0x40, 0xc6, 0x60, 0x33, 0xf8, 0x8,
    0x1, 0x3, 0xfe, 0x4, 0x0, 0x83, 0xff, 0x80,

    /* U+516C "公" */
    0x11, 0x2, 0x20, 0x82, 0x10, 0x44, 0x5, 0x10,
    0x42, 0x0, 0x84, 0x10, 0x84, 0x69, 0xf1, 0x0,

    /* U+5171 "共" */
    0x11, 0x2, 0x21, 0xff, 0x8, 0x81, 0x10, 0x22,
    0x3f, 0xf8, 0x0, 0x11, 0x4, 0x13, 0x1, 0x80,

    /* U+5173 "关" */
    0x20, 0x82, 0x21, 0xff, 0x2, 0x0, 0x40, 0x8,
    0x3f, 0xf8, 0x50, 0x11, 0x4, 0x13, 0x1, 0x80,

    /* U+5176 "其" */
    0x20, 0x9f, 0xfc, 0x82, 0x1f, 0xc2, 0x8, 0x7f,
    0x8, 0x27, 0xff, 0x0, 0x4, 0x13, 0x1, 0x80,

    /* U+5185 "内" */
    0x4, 0x0, 0x83, 0xff, 0xc2, 0x18, 0x43, 0x14,
    0x64, 0x4d, 0x5, 0x80, 0x30, 0x6, 0x3, 0x80,

    /* U+518D "再" */
    0xff, 0xe0, 0x81, 0xff, 0x22, 0x27, 0xfc, 0x88,
    0x91, 0x17, 0xff, 0x40, 0x48, 0x9, 0x7, 0x0,

    /* U+5199 "写" */
    0xff, 0xf0, 0x6, 0x40, 0x8f, 0xc2, 0x0, 0x7f,
    0x80, 0x10, 0x2, 0xff, 0x40, 0x8, 0xe, 0x0,

    /* U+51B2 "冲" */
    0x81, 0x8, 0x21, 0x7f, 0x88, 0x91, 0x12, 0x22,
    0x57, 0xfa, 0x8, 0x41, 0x10, 0x22, 0x4, 0x0,

    /* U+51B3 "决" */
    0x82, 0x8, 0x41, 0x3f, 0x1, 0x20, 0x24, 0x4,
    0x97, 0xfa, 0x10, 0x45, 0x11, 0x12, 0xc1, 0x80,

    /* U+51C6 "准" */
    0x85, 0x8, 0x91, 0x3f, 0x8c, 0x40, 0xfe, 0x11,
    0x12, 0x22, 0x7f, 0x48, 0x91, 0x12, 0x3f, 0x80,

    /* U+51FA "出" */
    0x4, 0x8, 0x89, 0x11, 0x22, 0x27, 0xfc, 0x8,
    0x1, 0x4, 0x21, 0x84, 0x30, 0x87, 0xff, 0x80,

    /* U+51FB "击" */
    0x4, 0x0, 0x81, 0xff, 0x2, 0x0, 0x41, 0xff,
    0xc1, 0x2, 0x22, 0x44, 0x48, 0x89, 0xff, 0x0,

    /* U+5200 "刀" */
    0x7f, 0xe1, 0x4, 0x20, 0x84, 0x10, 0x82, 0x10,
    0x42, 0x8, 0x81, 0x10, 0x24, 0x7, 0x7, 0x0,

    /* U+5206 "分" */
    0x11, 0x2, 0x20, 0x82, 0x10, 0x44, 0x5, 0x7f,
    0x42, 0x20, 0x44, 0x10, 0x84, 0x13, 0xc, 0x0,

    /* U+5219 "则" */
    0xfe, 0x30, 0x56, 0x4a, 0xc9, 0x59, 0x2b, 0x25,
    0x64, 0xac, 0x95, 0x28, 0x28, 0x86, 0xb, 0x80,

    /* U+521B "创" */
    0x10, 0x25, 0x15, 0x12, 0xc1, 0x57, 0xca, 0x89,
    0x51, 0x2a, 0xe5, 0x40, 0x28, 0x44, 0xfb, 0x80,

    /* U+521D "初" */
    0x4f, 0xe4, 0x47, 0xc8, 0x89, 0x12, 0x22, 0x54,
    0x5c, 0x8d, 0x51, 0x24, 0x24, 0x84, 0xa3, 0x0,

    /* U+5229 "利" */
    0xc, 0x2e, 0x4, 0x44, 0x88, 0x9f, 0xd2, 0x22,
    0x4c, 0x49, 0xc9, 0x54, 0x32, 0x4, 0x43, 0x80,

    /* U+522B "别" */
    0xfc, 0x30, 0xa6, 0x14, 0xfe, 0x92, 0x13, 0xfa,
    0x49, 0x49, 0x29, 0x44, 0x28, 0x86, 0x63, 0x80,

    /* U+5230 "到" */
    0xfe, 0x22, 0x14, 0x82, 0xa2, 0x5f, 0xaa, 0x21,
    0x44, 0x2f, 0xf5, 0x10, 0x23, 0xc7, 0x83, 0x80,

    /* U+5236 "制" */
    0x50, 0x2f, 0xd6, 0x42, 0x88, 0x5f, 0xea, 0x21,
    0x7f, 0xac, 0x95, 0x92, 0x32, 0xc4, 0x43, 0x80,

    /* U+524D "前" */
    0x20, 0x82, 0x23, 0xff, 0x80, 0x7, 0xd4, 0x8a,
    0x9f, 0x52, 0x2a, 0x7d, 0x48, 0x89, 0x33, 0x0,

    /* U+52A0 "加" */
    0x20, 0x4, 0x3f, 0xf4, 0x92, 0x92, 0x52, 0x4a,
    0x49, 0x49, 0x29, 0x45, 0x28, 0xa6, 0x67, 0x80,

    /* U+52A1 "务" */
    0x10, 0x3, 0xf0, 0x82, 0x68, 0x80, 0xe1, 0xe3,
    0xc2, 0x3, 0xfe, 0x8, 0x42, 0xb, 0x86, 0x0,

    /* U+52A8 "动" */
    0x1, 0xf, 0x20, 0x1f, 0x80, 0x9f, 0x92, 0x42,
    0x50, 0x4a, 0x49, 0x9a, 0x3d, 0x44, 0x13, 0x0,

    /* U+52BF "势" */
    0x21, 0x1f, 0x78, 0x85, 0x1a, 0xae, 0x24, 0x4a,
    0x51, 0xf, 0xfe, 0x8, 0x42, 0x9, 0x86, 0x0,

    /* U+5316 "化" */
    0x22, 0x4, 0x41, 0x9, 0x21, 0x4c, 0x30, 0x8c,
    0x16, 0x82, 0x10, 0x42, 0x28, 0x45, 0x7, 0x80,

    /* U+533A "区" */
    0xff, 0xf0, 0x2, 0x41, 0x44, 0x48, 0x51, 0x4,
    0x21, 0x44, 0x44, 0x90, 0x50, 0x3, 0xff, 0x80,

    /* U+5343 "千" */
    0x3, 0xcf, 0x80, 0x10, 0x2, 0x0, 0x41, 0xff,
    0xc1, 0x0, 0x20, 0x4, 0x0, 0x80, 0x10, 0x0,

    /* U+534A "半" */
    0x4, 0x8, 0x88, 0x92, 0x2, 0x7, 0xfc, 0x8,
    0x1, 0x7, 0xff, 0x4, 0x0, 0x80, 0x10, 0x0,

    /* U+5355 "单" */
    0x20, 0x82, 0x21, 0xff, 0x22, 0x27, 0xfc, 0x88,
    0x9f, 0xf0, 0x20, 0xff, 0xe0, 0x80, 0x10, 0x0,

    /* U+535A "博" */
    0x41, 0x49, 0xfd, 0x4, 0x77, 0xf4, 0x92, 0x9f,
    0xd2, 0x4a, 0x2, 0x4f, 0xe8, 0x89, 0xb, 0x0,

    /* U+5385 "厅" */
    0x7f, 0xe8, 0x1, 0x0, 0x2f, 0xf4, 0x10, 0x82,
    0x10, 0x42, 0x8, 0x41, 0x8, 0x22, 0x1c, 0x0,

    /* U+539F "原" */
    0x7f, 0xe8, 0x41, 0x7f, 0x28, 0x25, 0xfc, 0xa0,
    0x97, 0xf2, 0x10, 0x52, 0x4a, 0x46, 0x98, 0x80,

    /* U+53CB "友" */
    0x8, 0x1, 0x3, 0xff, 0x88, 0x1, 0x0, 0x3f,
    0x8a, 0x11, 0x24, 0x43, 0x9, 0x92, 0xc1, 0x80,

    /* U+53CC "双" */
    0xfb, 0xe1, 0x46, 0x28, 0xc5, 0x18, 0xa3, 0x14,
    0x54, 0x52, 0x8a, 0x20, 0x8a, 0x2a, 0x28, 0x80,

    /* U+53D1 "发" */
    0x49, 0x9, 0x12, 0x20, 0x7f, 0xf1, 0x0, 0x3f,
    0xa, 0x21, 0x28, 0x42, 0x9, 0xb2, 0xc1, 0x80,

    /* U+53E3 "口" */
    0xff, 0xc0, 0x60, 0x30, 0x18, 0xc, 0x6, 0x3,
    0x1, 0xff, 0x80,

    /* U+53E5 "句" */
    0x20, 0x7, 0xfc, 0x80, 0xa0, 0x1b, 0xf2, 0x42,
    0x48, 0x49, 0x9, 0x3f, 0x20, 0x4, 0x3, 0x0,

    /* U+53EA "只" */
    0x7f, 0xc8, 0x9, 0x1, 0x20, 0x24, 0x4, 0xff,
    0x80, 0x0, 0x0, 0x20, 0x88, 0xa, 0x0, 0x80,

    /* U+53EF "可" */
    0xff, 0xe0, 0x8, 0x1, 0x1f, 0x22, 0x24, 0x44,
    0x88, 0x91, 0xf2, 0x0, 0x40, 0x8, 0x7, 0x0,

    /* U+53F7 "号" */
    0x3f, 0x84, 0x10, 0x82, 0x1f, 0xc0, 0x1, 0xff,
    0xc4, 0x0, 0xfc, 0x0, 0x80, 0x10, 0x1c, 0x0,

    /* U+5408 "合" */
    0x4, 0x1, 0x40, 0xc6, 0x60, 0x33, 0xf8, 0x0,
    0x1f, 0xf2, 0x2, 0x40, 0x48, 0x9, 0xff, 0x0,

    /* U+540C "同" */
    0xff, 0xf0, 0x6, 0xfe, 0xc0, 0x19, 0xf3, 0x22,
    0x64, 0x4c, 0x89, 0x9f, 0x30, 0x6, 0x3, 0x80,

    /* U+540D "名" */
    0x8, 0x1, 0xf8, 0x41, 0x34, 0x40, 0x50, 0x4,
    0x7, 0xff, 0x81, 0x10, 0x22, 0x4, 0x7f, 0x80,

    /* U+540E "后" */
    0x3, 0xcf, 0x81, 0x0, 0x20, 0x7, 0xfe, 0x80,
    0x17, 0xf2, 0x82, 0x50, 0x4a, 0xa, 0x7f, 0x0,

    /* U+5411 "向" */
    0x8, 0x2, 0x3, 0xff, 0xc0, 0x19, 0xf3, 0x22,
    0x64, 0x4c, 0x89, 0x9f, 0x30, 0x6, 0x3, 0x80,

    /* U+5426 "否" */
    0xff, 0xe0, 0x40, 0x30, 0x1a, 0xcc, 0x46, 0x8,
    0x0, 0x3, 0xfe, 0x40, 0x48, 0x9, 0xff, 0x0,

    /* U+542C "听" */
    0x0, 0xdd, 0xe2, 0xa0, 0x54, 0xa, 0xff, 0x51,
    0x2a, 0x25, 0x44, 0xe8, 0x81, 0x10, 0x42, 0x0,

    /* U+542F "启" */
    0x2, 0x7, 0xfc, 0x80, 0x90, 0x13, 0xfe, 0x40,
    0xf, 0xf9, 0x81, 0x50, 0x2a, 0x6, 0x7f, 0x80,

    /* U+544A "告" */
    0x44, 0xf, 0xfa, 0x10, 0x2, 0xf, 0xfe, 0x0,
    0x1f, 0xf2, 0x2, 0x40, 0x48, 0x9, 0xff, 0x0,

    /* U+548C "和" */
    0xc, 0xe, 0x3c, 0x44, 0x88, 0x9f, 0xd2, 0x22,
    0x4c, 0x4a, 0xc9, 0x95, 0x22, 0x3c, 0x40, 0x0,

    /* U+5600 "嘀" */
    0x1, 0x1d, 0xfe, 0x91, 0x57, 0xfa, 0x93, 0x57,
    0x6a, 0x4d, 0x5d, 0xea, 0xa1, 0x74, 0x21, 0x80,

    /* U+5668 "器" */
    0x7b, 0xc9, 0x49, 0x29, 0x3d, 0xe0, 0x51, 0xff,
    0xc8, 0x27, 0xdf, 0x4a, 0x49, 0x49, 0xef, 0x0,

    /* U+56DE "回" */
    0xff, 0xf0, 0x6, 0x0, 0xcf, 0x99, 0x13, 0x22,
    0x64, 0x4c, 0xf9, 0x80, 0x30, 0x7, 0xff, 0x80,

    /* U+56FA "固" */
    0xff, 0xf0, 0x86, 0x10, 0xdf, 0xd8, 0x43, 0x3e,
    0x64, 0x4c, 0x89, 0x9f, 0x30, 0x7, 0xff, 0x80,

    /* U+5728 "在" */
    0x8, 0x1, 0x3, 0xff, 0x88, 0x1, 0x10, 0x42,
    0x1b, 0xfd, 0x8, 0x21, 0x4, 0x20, 0xbf, 0x80,

    /* U+5730 "地" */
    0x41, 0x9, 0x21, 0x25, 0xf5, 0xd5, 0xd2, 0x92,
    0x52, 0x5b, 0x48, 0xc8, 0x21, 0x4, 0x1f, 0x80,

    /* U+5740 "址" */
    0x41, 0x8, 0x21, 0x4, 0x74, 0x84, 0x9e, 0x92,
    0x12, 0x43, 0x48, 0xc9, 0x1, 0x20, 0x7f, 0x80,

    /* U+5750 "坐" */
    0x4, 0x4, 0x90, 0x92, 0x12, 0x45, 0x55, 0x1c,
    0x41, 0x3, 0xfe, 0x4, 0x0, 0x83, 0xff, 0x80,

    /* U+578B "型" */
    0xfe, 0x24, 0x94, 0x92, 0xff, 0x52, 0x4a, 0x88,
    0x60, 0x18, 0x20, 0x7f, 0xc0, 0x83, 0xff, 0x80,

    /* U+5806 "堆" */
    0x45, 0x8, 0x91, 0x3f, 0xf4, 0x45, 0xfe, 0x91,
    0x12, 0x23, 0x7f, 0xc8, 0x81, 0x10, 0x3f, 0x80,

    /* U+586B "填" */
    0x21, 0x5, 0xfc, 0x84, 0x7b, 0xe2, 0x44, 0x4f,
    0x89, 0x11, 0xa2, 0xcf, 0xe0, 0x88, 0x20, 0x80,

    /* U+58F0 "声" */
    0x4, 0x1f, 0xfc, 0x10, 0x3f, 0xe0, 0x0, 0xff,
    0x91, 0x13, 0xfe, 0x40, 0x8, 0x2, 0x0, 0x0,

    /* U+5904 "处" */
    0x20, 0x84, 0x10, 0xf2, 0x22, 0x44, 0x4d, 0x49,
    0x4a, 0x21, 0x44, 0x10, 0x85, 0x83, 0xf, 0x80,

    /* U+5907 "备" */
    0x10, 0x7, 0xf3, 0x44, 0x7, 0x3, 0x19, 0x80,
    0xdf, 0xf2, 0x22, 0x7f, 0xc8, 0x89, 0xff, 0x0,

    /* U+590D "复" */
    0x40, 0xf, 0xfe, 0x81, 0x1f, 0xe2, 0x4, 0x7f,
    0x82, 0x0, 0xfe, 0x70, 0x81, 0xe3, 0xc3, 0x80,

    /* U+591A "多" */
    0x4, 0x1, 0xf1, 0xc2, 0x4, 0x80, 0x68, 0x33,
    0xf8, 0x88, 0xe1, 0x2, 0x40, 0x30, 0xf8, 0x0,

    /* U+591C "夜" */
    0x4, 0x1f, 0xfc, 0x88, 0x11, 0xe4, 0x44, 0x92,
    0xb5, 0x22, 0x14, 0x41, 0x8, 0xd1, 0x61, 0x80,

    /* U+5927 "大" */
    0x4, 0x0, 0x80, 0x10, 0x7f, 0xf0, 0x40, 0x14,
    0x2, 0x80, 0x88, 0x11, 0x4, 0x13, 0x1, 0x80,

    /* U+5929 "天" */
    0x7f, 0xc0, 0x80, 0x10, 0x2, 0xf, 0xfe, 0x8,
    0x2, 0x80, 0x50, 0x11, 0x4, 0x13, 0x1, 0x80,

    /* U+592A "太" */
    0x4, 0x0, 0x80, 0x10, 0x7f, 0xf0, 0x40, 0x14,
    0x2, 0x80, 0x88, 0x11, 0x5, 0x13, 0x11, 0x80,

    /* U+5931 "失" */
    0x24, 0x4, 0x80, 0xff, 0x22, 0x8, 0x40, 0x8,
    0x3f, 0xf8, 0x50, 0x11, 0x4, 0x13, 0x1, 0x80,

    /* U+5934 "头" */
    0x22, 0x2, 0x41, 0x8, 0x11, 0x0, 0x21, 0xff,
    0xc1, 0x0, 0x28, 0x8, 0x86, 0xb, 0x0, 0x80,

    /* U+5973 "女" */
    0x8, 0x1, 0x0, 0x20, 0x7f, 0xf1, 0x8, 0x21,
    0x8, 0x40, 0xc8, 0x6, 0x3, 0x33, 0x81, 0x80,

    /* U+597D "好" */
    0x27, 0xc4, 0xb, 0xc2, 0x28, 0x85, 0x10, 0xbf,
    0xe4, 0x42, 0x88, 0x21, 0xa, 0x22, 0x1c, 0x0,

    /* U+5982 "如" */
    0x20, 0x4, 0x7f, 0xe8, 0xa5, 0x14, 0xa3, 0x14,
    0x64, 0x8a, 0x91, 0x22, 0x2a, 0x7e, 0x20, 0x0,

    /* U+59CB "始" */
    0x21, 0x4, 0x23, 0xc9, 0x2a, 0x25, 0xfa, 0xa0,
    0x25, 0xfa, 0xa1, 0x24, 0x2a, 0x86, 0x1f, 0x80,

    /* U+5B57 "字" */
    0x4, 0x1f, 0xfe, 0x0, 0xdf, 0xd0, 0x10, 0x4,
    0x1, 0x7, 0xff, 0x4, 0x0, 0x80, 0x70, 0x0,

    /* U+5B58 "存" */
    0x8, 0x1f, 0xfc, 0x40, 0x13, 0xe2, 0x8, 0xc2,
    0x28, 0x41, 0x7f, 0x21, 0x4, 0x20, 0x8c, 0x0,

    /* U+5B89 "安" */
    0x4, 0x1f, 0xfe, 0x0, 0x84, 0x0, 0x81, 0xff,
    0xc4, 0x21, 0x4, 0x11, 0x1, 0xc3, 0xc7, 0x80,

    /* U+5B8C "完" */
    0x4, 0x1f, 0xfe, 0x0, 0xdf, 0xd0, 0x0, 0x0,
    0x3f, 0xf8, 0x88, 0x11, 0x4, 0x27, 0x7, 0x80,

    /* U+5B9A "定" */
    0x4, 0x1f, 0xfe, 0x0, 0x80, 0x7, 0xfc, 0x8,
    0x9, 0x1, 0x3e, 0x24, 0xb, 0x82, 0xf, 0x80,

    /* U+5B9E "实" */
    0x4, 0x1f, 0xfe, 0x0, 0xd1, 0x11, 0x20, 0x84,
    0x8, 0x87, 0xff, 0x5, 0x3, 0x13, 0x81, 0x80,

    /* U+5BB6 "家" */
    0x4, 0x1f, 0xfe, 0x0, 0xdf, 0xd0, 0xc0, 0x64,
    0xb3, 0xa1, 0x98, 0xce, 0x86, 0x4f, 0x30, 0x0,

    /* U+5BB9 "容" */
    0x4, 0x1f, 0xfe, 0x44, 0xb2, 0x60, 0xa0, 0x63,
    0x30, 0x19, 0xfc, 0x20, 0x84, 0x10, 0xfe, 0x0,

    /* U+5BC6 "密" */
    0x4, 0x1f, 0xfe, 0x24, 0xa9, 0x29, 0xc2, 0x61,
    0x37, 0xe0, 0x0, 0x44, 0x48, 0x89, 0xff, 0x0,

    /* U+5BF9 "对" */
    0x0, 0x5e, 0x8, 0x5f, 0xc8, 0x25, 0x4, 0xa8,
    0x88, 0x91, 0x12, 0x50, 0x4a, 0xa, 0x7, 0x0,

    /* U+5BFC "导" */
    0x7f, 0xc8, 0x9, 0xff, 0x20, 0x4, 0x2, 0x7f,
    0xc0, 0x27, 0xff, 0x20, 0x82, 0x10, 0xe, 0x0,

    /* U+5C0F "小" */
    0x4, 0x0, 0x80, 0x10, 0x12, 0x42, 0x44, 0x88,
    0x91, 0xc, 0x21, 0x4, 0x0, 0x80, 0x70, 0x0,

    /* U+5C11 "少" */
    0x4, 0x0, 0x80, 0x92, 0x12, 0x24, 0x43, 0x8,
    0x41, 0x20, 0x8, 0x6, 0x3, 0x3, 0x80, 0x0,

    /* U+5C31 "就" */
    0x21, 0x5f, 0x24, 0x4, 0x7f, 0xf8, 0x91, 0x15,
    0x3e, 0xa1, 0x14, 0xaa, 0xb5, 0x55, 0x93, 0x80,

    /* U+5C40 "局" */
    0x7f, 0xc8, 0x9, 0xff, 0x20, 0x7, 0xfe, 0x80,
    0x57, 0xca, 0x89, 0x51, 0x2b, 0xe6, 0x3, 0x0,

    /* U+5CF0 "峰" */
    0x21, 0x4, 0x3e, 0xa8, 0xd4, 0xea, 0xeb, 0x57,
    0xaa, 0x25, 0x5f, 0xf8, 0x80, 0xfc, 0x2, 0x0,

    /* U+5DEB "巫" */
    0x7f, 0xc0, 0x80, 0x10, 0x12, 0x42, 0x48, 0x49,
    0x15, 0x54, 0x71, 0x4, 0x0, 0x83, 0xff, 0x80,

    /* U+5DEE "差" */
    0x11, 0x1f, 0xfc, 0x10, 0x3f, 0xe0, 0x81, 0xff,
    0xc4, 0x1, 0xfe, 0x42, 0x10, 0x40, 0xff, 0x80,

    /* U+5DF1 "己" */
    0xff, 0x80, 0x20, 0x8, 0x2, 0x0, 0xbf, 0xe8,
    0x2, 0x0, 0x80, 0x60, 0x17, 0xfc,

    /* U+5DF2 "已" */
    0xff, 0x80, 0x20, 0xa, 0x2, 0x80, 0xbf, 0xe8,
    0x2, 0x0, 0x80, 0x60, 0x17, 0xfc,

    /* U+5E38 "常" */
    0x24, 0x9f, 0xfe, 0x0, 0xdf, 0xd2, 0x8, 0x7f,
    0x1, 0x3, 0xfe, 0x44, 0x48, 0x98, 0x10, 0x0,

    /* U+5E73 "平" */
    0x7f, 0xc0, 0x81, 0x11, 0x12, 0x40, 0x41, 0xff,
    0xc1, 0x0, 0x20, 0x4, 0x0, 0x80, 0x10, 0x0,

    /* U+5E8F "序" */
    0x2, 0xf, 0xfd, 0x0, 0x2f, 0xe4, 0x8, 0x8a,
    0x1f, 0xfa, 0x11, 0x42, 0x48, 0x42, 0x38, 0x0,

    /* U+5E94 "应" */
    0x2, 0xf, 0xfd, 0x0, 0x22, 0x25, 0x44, 0xa4,
    0x92, 0x92, 0x44, 0x40, 0x88, 0x22, 0xff, 0x80,

    /* U+5EA7 "座" */
    0x2, 0xf, 0xfd, 0x0, 0x21, 0x5, 0x24, 0xa4,
    0x9a, 0xaa, 0x10, 0x5f, 0xc8, 0x42, 0xff, 0x80,

    /* U+5EFA "建" */
    0xe2, 0x5, 0xf9, 0x9, 0x4f, 0xfe, 0x24, 0x5f,
    0xa8, 0x85, 0x7e, 0x42, 0xc, 0x42, 0x7f, 0x80,

    /* U+5F00 "开" */
    0xff, 0xe4, 0x10, 0x82, 0x10, 0x42, 0x9, 0xff,
    0xc8, 0x21, 0x4, 0x40, 0x88, 0x12, 0x2, 0x0,

    /* U+5F03 "弃" */
    0x4, 0x1f, 0xfc, 0x40, 0x10, 0x47, 0xf4, 0x0,
    0x4, 0x47, 0xff, 0x11, 0x4, 0x23, 0x4, 0x0,

    /* U+5F08 "弈" */
    0x4, 0x1f, 0xfc, 0x24, 0x24, 0xa9, 0x12, 0x0,
    0x4, 0x47, 0xff, 0x11, 0x4, 0x20, 0x84, 0x0,

    /* U+5F0F "式" */
    0x1, 0x40, 0x27, 0xff, 0x80, 0x80, 0x11, 0xfa,
    0x4, 0x40, 0x84, 0x10, 0xa3, 0x8f, 0x80, 0x80,

    /* U+5F15 "引" */
    0xfc, 0x41, 0x10, 0x47, 0xf1, 0x80, 0x60, 0x1f,
    0xc4, 0x11, 0x4, 0x41, 0x13, 0x84,

    /* U+5F20 "张" */
    0xe4, 0x44, 0x88, 0x92, 0x72, 0x88, 0x41, 0x3f,
    0xf9, 0x41, 0x24, 0x24, 0x84, 0xab, 0x18, 0x80,

    /* U+5F3A "强" */
    0xe7, 0xc4, 0x88, 0x9f, 0x70, 0x88, 0xff, 0x12,
    0x7a, 0x49, 0x7f, 0x21, 0x4, 0x2b, 0x3e, 0x80,

    /* U+5F53 "当" */
    0x8, 0x44, 0x52, 0x41, 0xf, 0xf8, 0x4, 0x3,
    0xff, 0x0, 0x80, 0x7f, 0xe0,

    /* U+5F55 "录" */
    0x7f, 0xc0, 0x9, 0xff, 0x0, 0x2f, 0xfe, 0x8,
    0x11, 0x11, 0x34, 0xd, 0x6, 0x93, 0x31, 0x80,

    /* U+5F85 "待" */
    0x21, 0x8, 0xfa, 0x4, 0x10, 0x84, 0xff, 0x80,
    0x93, 0xfa, 0x22, 0x42, 0x48, 0x9, 0x7, 0x0,

    /* U+5F8B "律" */
    0x22, 0x9, 0xfa, 0x9, 0x17, 0xf4, 0x25, 0x9f,
    0x90, 0x82, 0x7e, 0x42, 0xb, 0xfd, 0x8, 0x0,

    /* U+5FC5 "必" */
    0x8, 0x0, 0x90, 0x12, 0x8, 0x45, 0x10, 0xa2,
    0x94, 0x8c, 0xa1, 0x18, 0xa6, 0x13, 0x3e, 0x0,

    /* U+5FD8 "忘" */
    0x4, 0x1f, 0xfc, 0x80, 0x10, 0x3, 0xfc, 0x0,
    0x1, 0x2, 0x92, 0x52, 0x32, 0x14, 0x3e, 0x0,

    /* U+5FF5 "念" */
    0x4, 0x1, 0x40, 0xc6, 0x62, 0x30, 0x20, 0xff,
    0x80, 0x20, 0x48, 0x54, 0x4a, 0x16, 0x3e, 0x80,

    /* U+6001 "态" */
    0x4, 0x1f, 0xfc, 0x28, 0x8, 0x82, 0x89, 0x88,
    0xc0, 0x2, 0xa2, 0x52, 0x32, 0x14, 0x3e, 0x0,

    /* U+601D "思" */
    0x7f, 0xc8, 0x89, 0xff, 0x22, 0x24, 0x44, 0xff,
    0x80, 0x2, 0xa2, 0x52, 0x32, 0x14, 0x3e, 0x0,

    /* U+606F "息" */
    0x8, 0x7, 0xf0, 0x82, 0x1f, 0xc2, 0x8, 0x7f,
    0x8, 0x21, 0xfc, 0x54, 0x4a, 0x56, 0x3e, 0x80,

    /* U+610F "意" */
    0x4, 0xf, 0xf8, 0x44, 0x7f, 0xf2, 0x8, 0x7f,
    0x8, 0x21, 0xfc, 0x14, 0x4a, 0x56, 0x3e, 0x80,

    /* U+61C2 "懂" */
    0x24, 0x45, 0xfe, 0x91, 0x58, 0x8a, 0xff, 0x4a,
    0x89, 0xf1, 0x2a, 0x2f, 0xe4, 0x20, 0xbf, 0x80,

    /* U+620F "戏" */
    0x2, 0x9e, 0x48, 0x48, 0x49, 0xf5, 0xe0, 0xa4,
    0x88, 0xa1, 0x8, 0x51, 0x2a, 0x56, 0x11, 0x80,

    /* U+6210 "成" */
    0x2, 0x80, 0x49, 0xff, 0xa1, 0x7, 0xa4, 0x94,
    0x92, 0xa2, 0x48, 0x59, 0x28, 0x56, 0x31, 0x80,

    /* U+6216 "或" */
    0x2, 0x80, 0x4b, 0xff, 0x81, 0x7, 0xa4, 0x94,
    0x92, 0xa3, 0xc8, 0x1, 0x23, 0x57, 0x91, 0x80,

    /* U+622A "截" */
    0x11, 0x4f, 0xa4, 0x44, 0x7f, 0xf2, 0x10, 0x92,
    0x7f, 0x52, 0x44, 0x7c, 0xa9, 0x2d, 0xf8, 0x80,

    /* U+623F "房" */
    0x2, 0xf, 0xfd, 0x0, 0xbf, 0xf4, 0x20, 0xff,
    0xd2, 0x2, 0x7e, 0x48, 0x4a, 0xa, 0x86, 0x0,

    /* U+6240 "所" */
    0x18, 0x6c, 0x71, 0x8, 0x3d, 0x4, 0xbe, 0x94,
    0x9e, 0x92, 0x12, 0x42, 0x48, 0x4a, 0x11, 0x0,

    /* U+624B "手" */
    0x3, 0xcf, 0x80, 0x10, 0x2, 0x7, 0xfc, 0x8,
    0x1, 0x7, 0xff, 0x4, 0x0, 0x80, 0x70, 0x0,

    /* U+624D "才" */
    0x1, 0x0, 0x23, 0xff, 0x80, 0x80, 0x30, 0xa,
    0x2, 0x41, 0x88, 0xc1, 0x0, 0x20, 0x1c, 0x0,

    /* U+6253 "打" */
    0x27, 0xe4, 0x13, 0xc2, 0x10, 0x42, 0x8, 0x61,
    0x38, 0x21, 0x4, 0x20, 0x84, 0x13, 0x8e, 0x0,

    /* U+6267 "执" */
    0x22, 0x4, 0x43, 0xdf, 0x11, 0x22, 0x24, 0x4c,
    0x8c, 0xd7, 0x12, 0x24, 0x44, 0x85, 0xa0, 0x80,

    /* U+626B "扫" */
    0x4f, 0xe8, 0x7, 0x80, 0xa0, 0x14, 0x2, 0xdf,
    0xf0, 0xa, 0x1, 0x40, 0x28, 0x7, 0x3f, 0x80,

    /* U+627E "找" */
    0x42, 0x88, 0x4b, 0x88, 0x21, 0xf5, 0xe0, 0xc4,
    0xb0, 0xa2, 0x8, 0x41, 0x28, 0xd7, 0x61, 0x80,

    /* U+628A "把" */
    0x4f, 0xe9, 0x27, 0xa4, 0xa4, 0x94, 0x92, 0xdf,
    0xf2, 0x2, 0x40, 0x48, 0x29, 0x7, 0x1f, 0x80,

    /* U+6295 "投" */
    0x47, 0x88, 0x93, 0x92, 0x22, 0x45, 0x8e, 0xc0,
    0x33, 0xf2, 0x42, 0x44, 0x88, 0x63, 0x73, 0x80,

    /* U+62E9 "择" */
    0x4f, 0xe9, 0x7, 0x91, 0x21, 0xc4, 0xc6, 0xc2,
    0x31, 0xf2, 0x8, 0x4f, 0xe8, 0x23, 0x4, 0x0,

    /* U+6301 "持" */
    0x41, 0x8, 0xfb, 0x84, 0x20, 0x84, 0xfe, 0xc0,
    0xb3, 0xfa, 0x22, 0x42, 0x48, 0xb, 0x7, 0x0,

    /* U+6309 "按" */
    0x41, 0x9, 0xff, 0xa0, 0xa0, 0x84, 0x10, 0xdf,
    0xf0, 0x92, 0x22, 0x42, 0x88, 0x33, 0x39, 0x80,

    /* U+6362 "换" */
    0x42, 0x8, 0x73, 0x92, 0x27, 0xe4, 0x94, 0xd2,
    0xb2, 0x52, 0xff, 0x42, 0x88, 0x8b, 0x60, 0x80,

    /* U+636E "据" */
    0x4f, 0xe9, 0x7, 0xa0, 0xa7, 0xf4, 0x88, 0xdf,
    0xf2, 0x22, 0x5f, 0x4a, 0x29, 0x47, 0x4f, 0x80,

    /* U+6389 "掉" */
    0x41, 0x8, 0x3f, 0x84, 0x27, 0xe4, 0x84, 0xdf,
    0xb2, 0x12, 0x7e, 0x41, 0xb, 0xff, 0x4, 0x0,

    /* U+63A5 "接" */
    0x41, 0x9, 0xff, 0x91, 0x21, 0x44, 0xfe, 0xc2,
    0x33, 0xfa, 0x12, 0x44, 0x88, 0x73, 0x31, 0x80,

    /* U+63D0 "提" */
    0x4f, 0xc9, 0xb, 0xbf, 0x24, 0x24, 0xfc, 0xc0,
    0x37, 0xfa, 0x28, 0x45, 0xe9, 0x63, 0x43, 0x80,

    /* U+64CD "操" */
    0x47, 0xc8, 0x8b, 0x9f, 0x27, 0x74, 0xaa, 0xdd,
    0xf0, 0x42, 0x7f, 0x43, 0x88, 0xab, 0x24, 0x80,

    /* U+64E6 "擦" */
    0x41, 0x9, 0xff, 0xa0, 0xa3, 0x64, 0xaa, 0xc8,
    0xb2, 0xea, 0x0, 0x4f, 0xe8, 0xab, 0x2c, 0x80,

    /* U+6539 "改" */
    0x2, 0x1e, 0x40, 0x4f, 0x8a, 0x21, 0xa5, 0xe4,
    0xa0, 0xa4, 0x14, 0x91, 0x14, 0x53, 0x31, 0x80,

    /* U+653E "放" */
    0x42, 0x4, 0x43, 0xef, 0xa2, 0x24, 0x24, 0xf4,
    0x92, 0xa2, 0x54, 0x49, 0x9, 0x52, 0x71, 0x80,

    /* U+6548 "效" */
    0x11, 0x1f, 0xa0, 0x7, 0xa5, 0x28, 0x54, 0x92,
    0x92, 0x51, 0x4a, 0x10, 0x85, 0x2b, 0x18, 0x80,

    /* U+6551 "救" */
    0x19, 0x2, 0xa3, 0xf7, 0x89, 0x29, 0x54, 0xb2,
    0x84, 0x51, 0xca, 0x54, 0x92, 0x28, 0xd8, 0x80,

    /* U+6570 "数" */
    0x95, 0xb, 0x23, 0xf7, 0x99, 0x25, 0x95, 0x2a,
    0x88, 0x57, 0xea, 0x24, 0x87, 0x2b, 0x18, 0x80,

    /* U+6574 "整" */
    0x11, 0x1f, 0xfd, 0x55, 0x3e, 0xa3, 0x88, 0xaa,
    0xbf, 0xf8, 0x20, 0x27, 0xc4, 0x83, 0xff, 0x80,

    /* U+6587 "文" */
    0x8, 0x0, 0x83, 0xff, 0x90, 0x42, 0x8, 0x22,
    0x4, 0x40, 0x50, 0x4, 0x3, 0x63, 0x83, 0x80,

    /* U+65AD "断" */
    0x90, 0x7a, 0xf2, 0xe8, 0x49, 0xf, 0xff, 0x24,
    0xae, 0x96, 0xb2, 0x92, 0x50, 0x4b, 0xf1, 0x0,

    /* U+65B0 "新" */
    0x10, 0x7f, 0xb1, 0x14, 0x14, 0x8f, 0xde, 0x22,
    0xbf, 0x50, 0x8a, 0x55, 0x52, 0x48, 0xc9, 0x0,

    /* U+65B9 "方" */
    0x8, 0x0, 0x83, 0xff, 0x84, 0x0, 0x80, 0x1f,
    0x82, 0x10, 0x82, 0x10, 0x44, 0xb, 0x6, 0x0,

    /* U+65E0 "无" */
    0x7f, 0xc0, 0x80, 0x10, 0x2, 0xf, 0xfe, 0x14,
    0x2, 0x80, 0x90, 0x12, 0x24, 0x47, 0xf, 0x80,

    /* U+65E7 "旧" */
    0x9f, 0xe4, 0x19, 0x6, 0x41, 0x90, 0x67, 0xf9,
    0x6, 0x41, 0x90, 0x64, 0x19, 0xfc,

    /* U+65F6 "时" */
    0x0, 0x5e, 0xa, 0x5f, 0xc8, 0x29, 0x5, 0xe8,
    0xa4, 0x94, 0x92, 0x90, 0x5e, 0x8, 0x7, 0x0,

    /* U+660E "明" */
    0xf7, 0xf2, 0x86, 0x50, 0xcb, 0xff, 0x43, 0x28,
    0x65, 0xfc, 0xa1, 0xf4, 0x21, 0x4, 0x43, 0x80,

    /* U+6628 "昨" */
    0x4, 0x1c, 0x82, 0x9f, 0xd5, 0xb, 0x21, 0xc7,
    0xe8, 0x85, 0x10, 0xa3, 0xfc, 0x40, 0x8, 0x0,

    /* U+662F "是" */
    0x7f, 0xc8, 0x9, 0xff, 0x20, 0x27, 0xfc, 0x0,
    0x3f, 0xf9, 0x20, 0x27, 0xcb, 0x82, 0xf, 0x80,

    /* U+663E "显" */
    0x7f, 0xc8, 0x9, 0xff, 0x20, 0x27, 0xfc, 0x22,
    0x24, 0x4a, 0x8a, 0x31, 0x82, 0x23, 0xff, 0x80,

    /* U+665A "晚" */
    0x4, 0x1c, 0xf2, 0xa2, 0x5f, 0xfa, 0x93, 0xd2,
    0x6b, 0xfd, 0x14, 0xa2, 0xbc, 0x94, 0x63, 0x80,

    /* U+6670 "晰" */
    0x4, 0x7c, 0xb2, 0xfc, 0x52, 0x8a, 0x5f, 0xda,
    0xab, 0xd5, 0xaa, 0xa5, 0x5c, 0xa8, 0x19, 0x0,

    /* U+6682 "暂" */
    0x20, 0x7f, 0x71, 0x8, 0x51, 0xff, 0xa4, 0x48,
    0x9f, 0xf2, 0x2, 0x7f, 0xc8, 0x9, 0xff, 0x0,

    /* U+66DD "曝" */
    0xf, 0xdd, 0xa, 0xbf, 0x54, 0x2b, 0xff, 0xc9,
    0x2f, 0xfd, 0x2a, 0xbb, 0xbc, 0xa8, 0x6c, 0x80,

    /* U+66F4 "更" */
    0xff, 0xe0, 0x81, 0xff, 0x22, 0x27, 0xfc, 0x88,
    0x9f, 0xf2, 0x20, 0x24, 0x3, 0x3, 0x9f, 0x80,

    /* U+66FF "替" */
    0x20, 0x9f, 0x7c, 0x82, 0x7d, 0xf5, 0x15, 0x14,
    0x5f, 0xf2, 0x2, 0x7f, 0xc8, 0x9, 0xff, 0x0,

    /* U+6700 "最" */
    0x7f, 0xc8, 0x9, 0xff, 0x20, 0x2f, 0xfe, 0x90,
    0x1e, 0xfa, 0x51, 0x5d, 0x5d, 0x10, 0x2d, 0x80,

    /* U+6709 "有" */
    0x8, 0x1f, 0xfc, 0x40, 0x10, 0x3, 0xfc, 0xc0,
    0xaf, 0xf1, 0x2, 0x3f, 0xc4, 0x8, 0x87, 0x0,

    /* U+670D "服" */
    0x7b, 0xe9, 0x45, 0x28, 0xbd, 0x74, 0xa0, 0x97,
    0xde, 0xca, 0x55, 0x4a, 0x49, 0x56, 0x6c, 0x80,

    /* U+672A "未" */
    0x4, 0x0, 0x81, 0xff, 0x2, 0x0, 0x41, 0xff,
    0xc5, 0x40, 0xa8, 0x24, 0x98, 0x8c, 0x10, 0x0,

    /* U+672C "本" */
    0x4, 0x0, 0x83, 0xff, 0x8a, 0x81, 0x50, 0x2a,
    0x9, 0x21, 0x24, 0x5f, 0x50, 0x84, 0x10, 0x0,

    /* U+673A "机" */
    0x27, 0x84, 0x93, 0xd2, 0x12, 0x42, 0x48, 0xc9,
    0x1d, 0x25, 0x24, 0x24, 0xa4, 0x94, 0xa3, 0x80,

    /* U+6740 "杀" */
    0x60, 0x43, 0x30, 0x18, 0xc, 0x86, 0xc, 0x8,
    0x3f, 0xf8, 0x20, 0x24, 0x88, 0x8a, 0x30, 0x80,

    /* U+6743 "权" */
    0x2f, 0xe5, 0x7, 0xe0, 0x94, 0x12, 0x44, 0xc8,
    0x9d, 0x15, 0x14, 0x21, 0x4, 0x50, 0xb1, 0x80,

    /* U+6751 "村" */
    0x20, 0x44, 0xb, 0xef, 0x90, 0x22, 0x4, 0xe4,
    0x9a, 0x55, 0xa, 0x20, 0x44, 0x8, 0x87, 0x0,

    /* U+675F "束" */
    0x4, 0x1f, 0xfc, 0x10, 0x3f, 0xe4, 0x44, 0x88,
    0x9f, 0xf0, 0xa8, 0x24, 0x98, 0x8c, 0x10, 0x0,

    /* U+6765 "来" */
    0x4, 0xf, 0xf8, 0x10, 0x12, 0x41, 0x51, 0xff,
    0xc3, 0x80, 0xa8, 0x24, 0x98, 0x8c, 0x10, 0x0,

    /* U+677E "松" */
    0x22, 0x84, 0x53, 0xd1, 0x12, 0x22, 0x82, 0xc4,
    0x1c, 0x85, 0x22, 0x24, 0x45, 0x34, 0xb8, 0x80,

    /* U+679C "果" */
    0x7f, 0xc8, 0x89, 0xff, 0x22, 0x27, 0xfc, 0x8,
    0x3f, 0xf8, 0xa8, 0x24, 0x98, 0x8c, 0x10, 0x0,

    /* U+67E5 "查" */
    0x4, 0x1f, 0xfc, 0x54, 0x12, 0x4f, 0xfe, 0x41,
    0xf, 0xe1, 0x4, 0x3f, 0x80, 0x3, 0xff, 0x80,

    /* U+6807 "标" */
    0x27, 0xc4, 0x3, 0xc0, 0x17, 0xf2, 0x10, 0xc2,
    0x1d, 0x55, 0x29, 0x25, 0x25, 0x24, 0x8c, 0x0,

    /* U+6837 "样" */
    0x24, 0x44, 0x53, 0xff, 0x90, 0x82, 0x10, 0xcf,
    0x9c, 0x45, 0x8, 0x2f, 0xe4, 0x20, 0x84, 0x0,

    /* U+6839 "根" */
    0x27, 0xe4, 0x87, 0xdf, 0x92, 0x12, 0x42, 0xcf,
    0xdd, 0x25, 0x25, 0x24, 0x44, 0xa8, 0x98, 0x80,

    /* U+683C "格" */
    0x22, 0x4, 0x7b, 0xd1, 0x15, 0x42, 0x10, 0xc5,
    0x1b, 0x1d, 0xbe, 0x24, 0x44, 0x88, 0x9f, 0x0,

    /* U+684C "桌" */
    0x4, 0x0, 0xfc, 0x10, 0x3f, 0xe4, 0x4, 0xff,
    0x90, 0x17, 0xff, 0x15, 0x4, 0x93, 0x11, 0x80,

    /* U+68AF "梯" */
    0x24, 0x44, 0x53, 0xff, 0x90, 0x92, 0xfe, 0xd2,
    0x1b, 0xfd, 0x99, 0x25, 0x25, 0x2c, 0x84, 0x0,

    /* U+68C0 "检" */
    0x21, 0x4, 0x53, 0xd1, 0x14, 0x12, 0x7c, 0xc0,
    0x1a, 0x8d, 0xaa, 0x25, 0x44, 0x10, 0xbf, 0x80,

    /* U+6A21 "模" */
    0x22, 0x85, 0xff, 0xca, 0x13, 0xe2, 0x44, 0xcf,
    0x9d, 0x15, 0x7f, 0x21, 0x4, 0x50, 0xb1, 0x80,

    /* U+6B21 "次" */
    0x84, 0x8, 0x81, 0x1f, 0x84, 0x11, 0x14, 0x2,
    0x10, 0x42, 0x14, 0x42, 0x90, 0x8a, 0x60, 0x80,

    /* U+6B22 "欢" */
    0x4, 0x1e, 0x80, 0x5f, 0xca, 0x15, 0x94, 0xa2,
    0x8, 0x41, 0x14, 0x52, 0x8a, 0x8a, 0x20, 0x80,

    /* U+6B63 "正" */
    0xff, 0xe0, 0x80, 0x10, 0x2, 0x2, 0x40, 0x4f,
    0x89, 0x1, 0x20, 0x24, 0x4, 0x83, 0xff, 0x80,

    /* U+6B64 "此" */
    0x11, 0x2, 0x20, 0x44, 0xa8, 0xa5, 0xd8, 0xa2,
    0x14, 0x42, 0x88, 0x51, 0x2b, 0xa7, 0x83, 0x80,

    /* U+6B65 "步" */
    0x4, 0x4, 0xf8, 0x90, 0x12, 0xf, 0xfe, 0x8,
    0x9, 0x16, 0x24, 0x1, 0x0, 0xc1, 0xe0, 0x0,

    /* U+6B7B "死" */
    0xff, 0xe4, 0x40, 0x88, 0x1d, 0x14, 0xa4, 0x97,
    0x2a, 0x80, 0x90, 0x12, 0x24, 0x47, 0x7, 0x80,

    /* U+6BB5 "段" */
    0x19, 0xcc, 0x29, 0x5, 0x3c, 0xa4, 0x66, 0xf0,
    0x10, 0xfa, 0x11, 0xf9, 0x48, 0x11, 0x1d, 0x80,

    /* U+6BCD "母" */
    0x3f, 0xc4, 0x8, 0x91, 0x11, 0x2f, 0xfe, 0x80,
    0x91, 0x12, 0x12, 0x7f, 0xe0, 0x8, 0x6, 0x0,

    /* U+6BCF "每" */
    0x20, 0x7, 0xfd, 0x0, 0x5f, 0xe2, 0x44, 0x44,
    0xbf, 0xfa, 0x22, 0x42, 0x4f, 0xfc, 0x1, 0x0,

    /* U+6BD2 "毒" */
    0x4, 0xf, 0xf8, 0x10, 0x3f, 0xe0, 0x41, 0xff,
    0xc9, 0x17, 0xff, 0x42, 0x4f, 0xfc, 0x1, 0x0,

    /* U+6C11 "民" */
    0xff, 0xd0, 0xa, 0x1, 0x7f, 0xe8, 0x41, 0x8,
    0x3f, 0xfc, 0x10, 0x81, 0x13, 0x17, 0x81, 0x80,

    /* U+6C60 "池" */
    0x41, 0x5, 0x20, 0x25, 0xc5, 0xd5, 0xd2, 0x12,
    0x42, 0x5a, 0x48, 0x48, 0x31, 0x6, 0x1f, 0x80,

    /* U+6CA1 "没" */
    0x47, 0x84, 0x90, 0x12, 0x42, 0x45, 0x8e, 0x0,
    0x3, 0xf2, 0x42, 0x44, 0x90, 0x62, 0x73, 0x80,

    /* U+6D3B "活" */
    0x40, 0xc5, 0xe0, 0x4, 0x40, 0x85, 0xfe, 0x2,
    0x0, 0x42, 0x7e, 0x48, 0x51, 0xa, 0x3f, 0x0,

    /* U+6D4B "测" */
    0xbe, 0x2c, 0x54, 0xaa, 0xd5, 0x56, 0xaa, 0x55,
    0x4a, 0xab, 0x55, 0x48, 0x32, 0x86, 0x8b, 0x80,

    /* U+6D88 "消" */
    0x49, 0x24, 0xa8, 0x4, 0x47, 0xf4, 0x82, 0x1f,
    0xc2, 0xa, 0x7f, 0x48, 0x31, 0x6, 0x21, 0x80,

    /* U+6E05 "清" */
    0x41, 0x5, 0xf8, 0x4, 0x47, 0xe4, 0x10, 0x3f,
    0xc2, 0x12, 0x7e, 0x48, 0x51, 0xfa, 0x21, 0x0,

    /* U+6E38 "游" */
    0x91, 0x9, 0x20, 0xf7, 0xc9, 0x5, 0x1c, 0x38,
    0x85, 0x22, 0xbf, 0x54, 0x92, 0x92, 0xb6, 0x0,

    /* U+6EE1 "满" */
    0x84, 0x8b, 0xfc, 0x12, 0x4f, 0xf4, 0x48, 0x3f,
    0xc5, 0x2a, 0xa5, 0x5b, 0x72, 0x6, 0x41, 0x80,

    /* U+706D "灭" */
    0xff, 0xe0, 0x80, 0x10, 0x12, 0x22, 0x44, 0x89,
    0x2, 0x80, 0x50, 0x11, 0x4, 0x13, 0x1, 0x80,

    /* U+70B9 "点" */
    0x4, 0x0, 0xfc, 0x10, 0x2, 0x7, 0xfc, 0x80,
    0x90, 0x13, 0xfe, 0x0, 0xa, 0x4a, 0x24, 0x80,

    /* U+70BC "炼" */
    0x22, 0x5, 0xfe, 0x90, 0x5f, 0x8a, 0x90, 0x5f,
    0xc8, 0x41, 0x2a, 0x55, 0x29, 0x26, 0xc, 0x0,

    /* U+70ED "热" */
    0x21, 0x1e, 0xf8, 0x85, 0x10, 0xa3, 0x65, 0xc4,
    0x89, 0x4b, 0x25, 0x0, 0xa, 0x4a, 0x24, 0x80,

    /* U+724C "牌" */
    0x52, 0xa, 0xfd, 0x54, 0xbf, 0xf4, 0x52, 0x8f,
    0xdc, 0xa2, 0xa4, 0x5f, 0xea, 0x12, 0x42, 0x0,

    /* U+72B6 "状" */
    0x21, 0x44, 0x26, 0x84, 0x37, 0xf2, 0x10, 0x45,
    0x8, 0xa3, 0x14, 0xa4, 0x44, 0x88, 0xa0, 0x80,

    /* U+72FC "狼" */
    0xa2, 0x9, 0xf9, 0x21, 0x57, 0xe2, 0x84, 0x5f,
    0x9a, 0x4d, 0x4a, 0x28, 0x85, 0x4b, 0x30, 0x80,

    /* U+73A9 "玩" */
    0xf, 0xdc, 0x1, 0x0, 0x20, 0x5, 0xff, 0xc9,
    0x11, 0x22, 0x24, 0x68, 0xb9, 0x14, 0x43, 0x80,

    /* U+73AF "环" */
    0xf, 0xfe, 0x10, 0x84, 0x10, 0x82, 0x35, 0xea,
    0x4a, 0x49, 0x8, 0x31, 0x18, 0x20, 0x4, 0x0,

    /* U+73B0 "现" */
    0xf, 0xdd, 0x9, 0x25, 0x24, 0xa4, 0x95, 0xd2,
    0x92, 0x52, 0x8, 0x62, 0xb8, 0x94, 0x63, 0x80,

    /* U+7406 "理" */
    0xf, 0xfd, 0x25, 0x24, 0xa7, 0xf4, 0x93, 0xd2,
    0x53, 0xfa, 0x8, 0x6f, 0xf8, 0x20, 0x7f, 0x80,

    /* U+74F6 "瓶" */
    0x8b, 0xea, 0x23, 0xe4, 0x28, 0xe5, 0x24, 0xa4,
    0xbe, 0xd2, 0x96, 0x52, 0x4a, 0x6a, 0x49, 0x80,

    /* U+7528 "用" */
    0x7f, 0xd1, 0x14, 0x45, 0xff, 0x44, 0x51, 0x17,
    0xfd, 0x11, 0x44, 0x51, 0x18, 0x4c,

    /* U+7531 "由" */
    0x4, 0x0, 0x83, 0xff, 0xc2, 0x18, 0x43, 0x8,
    0x7f, 0xfc, 0x21, 0x84, 0x30, 0x87, 0xff, 0x80,

    /* U+7535 "电" */
    0x8, 0x1f, 0xf2, 0x22, 0x44, 0x4f, 0xf9, 0x11,
    0x22, 0x27, 0xfc, 0x8, 0x21, 0x4, 0x1f, 0x80,

    /* U+7559 "留" */
    0x1b, 0xfc, 0x26, 0x4, 0xc5, 0x1f, 0x46, 0x0,
    0x1f, 0xf2, 0x22, 0x7f, 0xc8, 0x89, 0xff, 0x0,

    /* U+767D "白" */
    0x8, 0x8, 0x3f, 0xf0, 0x18, 0xc, 0x7, 0xff,
    0x1, 0x80, 0xc0, 0x7f, 0xe0,

    /* U+767E "百" */
    0xff, 0xe0, 0x80, 0x20, 0x3f, 0xe4, 0x4, 0x80,
    0x9f, 0xf2, 0x2, 0x40, 0x48, 0x9, 0xff, 0x0,

    /* U+7684 "的" */
    0x22, 0x8, 0x43, 0xef, 0xc6, 0x18, 0x83, 0x12,
    0x7e, 0x2c, 0x45, 0x88, 0x31, 0x7, 0xe3, 0x0,

    /* U+76CA "益" */
    0x20, 0x82, 0x23, 0xff, 0x80, 0x3, 0x19, 0x80,
    0xc0, 0x3, 0xfe, 0x4a, 0x49, 0x4b, 0xff, 0x80,

    /* U+76EE "目" */
    0xff, 0xc0, 0x60, 0x3f, 0xf8, 0xc, 0x6, 0x3,
    0xff, 0x80, 0xc0, 0x7f, 0xe0,

    /* U+770B "看" */
    0x7f, 0xc0, 0x81, 0xff, 0x4, 0xf, 0xfe, 0x40,
    0x9f, 0xf5, 0x2, 0x3f, 0xc4, 0x8, 0xff, 0x0,

    /* U+771F "真" */
    0x4, 0xf, 0xf8, 0x10, 0x1f, 0xc2, 0x8, 0x7f,
    0x8, 0x21, 0x4, 0xff, 0xe4, 0x13, 0x1, 0x80,

    /* U+773C "眼" */
    0xef, 0xd5, 0xa, 0xbf, 0x74, 0x2a, 0x85, 0x5f,
    0xba, 0x4d, 0x4a, 0xa8, 0x9d, 0x48, 0x30, 0x80,

    /* U+7741 "睁" */
    0xe4, 0x14, 0xf2, 0xa2, 0x77, 0xea, 0x15, 0x7f,
    0xf8, 0x55, 0x7e, 0xa1, 0x1c, 0x20, 0x1c, 0x0,

    /* U+775B "睛" */
    0xe1, 0x15, 0xfa, 0x84, 0x77, 0xea, 0x11, 0x7f,
    0xfa, 0x15, 0x7e, 0xa8, 0x5d, 0xf8, 0x21, 0x0,

    /* U+77E5 "知" */
    0x40, 0xf, 0xbd, 0x44, 0xc8, 0x91, 0x13, 0xfa,
    0x44, 0x49, 0x49, 0x25, 0x28, 0xbe, 0x0, 0x0,

    /* U+77ED "短" */
    0x4f, 0xee, 0x2, 0x9f, 0x12, 0x22, 0x45, 0xef,
    0x88, 0x1, 0x22, 0x52, 0x4a, 0x52, 0x3f, 0x80,

    /* U+7801 "码" */
    0xf7, 0xc4, 0x8, 0x89, 0x21, 0x27, 0x25, 0xa7,
    0xd4, 0xa, 0x81, 0x57, 0xae, 0x4, 0x7, 0x0,

    /* U+786E "确" */
    0xf2, 0x4, 0x78, 0x91, 0x27, 0xf7, 0x53, 0xaf,
    0xd5, 0x4a, 0xbf, 0x55, 0x2e, 0xa4, 0x25, 0x80,

    /* U+793A "示" */
    0x7f, 0xc0, 0x0, 0x0, 0x7f, 0xf0, 0x40, 0x8,
    0x9, 0x21, 0x22, 0x44, 0x30, 0x84, 0x70, 0x0,

    /* U+795E "神" */
    0x81, 0x8, 0x23, 0xbf, 0x94, 0x94, 0x92, 0xdf,
    0xf6, 0x4a, 0x49, 0x4f, 0xe8, 0x21, 0x4, 0x0,

    /* U+7968 "票" */
    0xff, 0xe1, 0x41, 0xff, 0x25, 0x27, 0xfc, 0x0,
    0x1f, 0xf0, 0x0, 0xff, 0xe4, 0x93, 0x31, 0x80,

    /* U+79BB "离" */
    0x4, 0x1f, 0xfc, 0x44, 0x27, 0x25, 0x14, 0xff,
    0x81, 0x7, 0xff, 0x91, 0x37, 0xd6, 0x1, 0x80,

    /* U+79C1 "私" */
    0x19, 0x1c, 0x20, 0x84, 0x10, 0x8f, 0x90, 0x44,
    0x1c, 0x93, 0x52, 0xa4, 0x24, 0x9c, 0xbc, 0x80,

    /* U+79D2 "秒" */
    0x11, 0x1c, 0x20, 0x95, 0x12, 0x9f, 0x52, 0x52,
    0x18, 0x4b, 0x82, 0xa0, 0x84, 0x60, 0xb0, 0x0,

    /* U+7A0D "稍" */
    0x19, 0x3c, 0xa8, 0x84, 0x17, 0xff, 0x82, 0x5f,
    0xda, 0xb, 0xff, 0xa8, 0x25, 0x4, 0xa1, 0x80,

    /* U+7A3F "稿" */
    0x11, 0x1d, 0xfc, 0x91, 0x13, 0xef, 0x0, 0x5f,
    0xda, 0xb, 0xdd, 0xaa, 0xa5, 0x74, 0xa1, 0x80,

    /* U+7A7A "空" */
    0x4, 0x1f, 0xfe, 0x0, 0x88, 0x82, 0x9, 0x80,
    0xdf, 0xf0, 0x20, 0x4, 0x0, 0x83, 0xff, 0x80,

    /* U+7AEF "端" */
    0x89, 0x29, 0x27, 0xbf, 0x80, 0xa, 0xff, 0x42,
    0x2b, 0xfa, 0x55, 0x6a, 0xb1, 0x54, 0x21, 0x80,

    /* U+7B26 "符" */
    0x42, 0xf, 0x7e, 0x52, 0x10, 0x2, 0x8, 0x9f,
    0xf0, 0x22, 0x44, 0x44, 0x88, 0x11, 0xe, 0x0,

    /* U+7B2C "第" */
    0x42, 0xf, 0x7e, 0x52, 0x3f, 0xe0, 0x44, 0xff,
    0x91, 0x3, 0xff, 0x14, 0x24, 0x87, 0x13, 0x0,

    /* U+7B49 "等" */
    0x42, 0xf, 0x7e, 0x52, 0x3f, 0xe0, 0x41, 0xff,
    0xc0, 0x27, 0xff, 0x10, 0x81, 0x10, 0xe, 0x0,

    /* U+7B56 "策" */
    0x42, 0xf, 0x7e, 0x52, 0x7f, 0xf0, 0x40, 0xff,
    0x91, 0x12, 0x26, 0xe, 0x6, 0xb3, 0x11, 0x80,

    /* U+7B80 "简" */
    0x42, 0xf, 0x7e, 0x52, 0x2f, 0xe0, 0x4, 0xbe,
    0x94, 0x52, 0xfa, 0x51, 0x4b, 0xe9, 0x3, 0x0,

    /* U+7D27 "紧" */
    0x17, 0xf2, 0x6, 0x49, 0x48, 0xc9, 0x66, 0x12,
    0x4, 0x97, 0xff, 0x4, 0x4, 0x93, 0x11, 0x80,

    /* U+7EAA "纪" */
    0x4f, 0xc8, 0xa, 0x1, 0x50, 0x2c, 0x4, 0x9f,
    0xa2, 0x7, 0x40, 0x8, 0x25, 0x7, 0x1f, 0x80,

    /* U+7EBF "线" */
    0x21, 0x44, 0x25, 0x7, 0xcb, 0x8e, 0x10, 0x43,
    0xd1, 0xc7, 0x89, 0x0, 0xc6, 0x37, 0x39, 0x80,

    /* U+7ECF "经" */
    0x4f, 0xc8, 0xa, 0x2, 0x50, 0x8c, 0x68, 0xb0,
    0xe1, 0xf7, 0x8, 0x1, 0x4, 0x23, 0x3f, 0x80,

    /* U+7ED3 "结" */
    0x21, 0x4, 0x21, 0x3f, 0xc8, 0x8e, 0x10, 0x4f,
    0x90, 0x7, 0xbe, 0x4, 0x46, 0x8b, 0x1f, 0x0,

    /* U+7ED9 "给" */
    0x41, 0x8, 0x52, 0x11, 0x54, 0x1c, 0x7c, 0x80,
    0x23, 0xff, 0x41, 0x8, 0x25, 0x7, 0x3f, 0x80,

    /* U+7EDC "络" */
    0x44, 0x8, 0xfa, 0x21, 0x5a, 0x4c, 0x30, 0x89,
    0x26, 0x1f, 0x7e, 0x8, 0x45, 0xb, 0x3f, 0x0,

    /* U+7EE7 "继" */
    0x48, 0x89, 0x56, 0x27, 0x54, 0x4c, 0xbe, 0x91,
    0x22, 0x77, 0x55, 0x8, 0x85, 0x3, 0x3f, 0x80,

    /* U+7EED "续" */
    0x41, 0x8, 0xfa, 0x4, 0x57, 0xfc, 0x42, 0x95,
    0x21, 0x27, 0x7f, 0x1, 0x4, 0x4b, 0x30, 0x80,

    /* U+7EFC "综" */
    0x41, 0x9, 0xfe, 0x20, 0xd0, 0xc, 0x7c, 0x80,
    0x23, 0xff, 0x8, 0x5, 0x45, 0x27, 0xc, 0x0,

    /* U+7F13 "缓" */
    0x40, 0xe9, 0xe6, 0x15, 0x57, 0xfc, 0x20, 0x9f,
    0xe1, 0x7, 0x3e, 0xa, 0x46, 0x33, 0x39, 0x80,

    /* U+7F16 "编" */
    0x41, 0x9, 0xfe, 0x20, 0xd7, 0xfc, 0x80, 0x9f,
    0xe2, 0xaf, 0x55, 0xf, 0xe5, 0x57, 0x4a, 0x80,

    /* U+7F29 "缩" */
    0x42, 0xb, 0xfe, 0x40, 0xd2, 0xec, 0x48, 0x92,
    0x26, 0xff, 0x51, 0xb, 0xe5, 0x47, 0x2f, 0x80,

    /* U+7F51 "网" */
    0xff, 0xf0, 0x6, 0x22, 0xd5, 0x59, 0x13, 0x22,
    0x6a, 0xad, 0x55, 0xc4, 0x30, 0x6, 0x3, 0x80,

    /* U+7F6E "置" */
    0xff, 0xf2, 0x27, 0xff, 0x82, 0xf, 0xfe, 0x8,
    0xf, 0xe1, 0x4, 0x3f, 0x84, 0x13, 0xff, 0x80,

    /* U+8003 "考" */
    0x8, 0x4f, 0xd0, 0x24, 0x7f, 0xf0, 0x40, 0x3f,
    0x8c, 0x6, 0xfe, 0x0, 0x40, 0x8, 0xe, 0x0,

    /* U+804C "职" */
    0xfb, 0xea, 0x45, 0xc8, 0xa9, 0x15, 0x22, 0xe7,
    0xd4, 0x2, 0x80, 0x7a, 0x5a, 0x44, 0x50, 0x80,

    /* U+80DC "胜" */
    0xe9, 0x15, 0x22, 0xbf, 0x74, 0x8b, 0x11, 0x42,
    0x3b, 0xf5, 0x8, 0xa1, 0x14, 0x22, 0xbf, 0x80,

    /* U+80FD "能" */
    0x42, 0x72, 0x73, 0xa8, 0x1, 0x1f, 0x9f, 0x10,
    0x3e, 0x9c, 0x5c, 0xfa, 0x11, 0x46, 0x67, 0x80,

    /* U+8111 "脑" */
    0xe1, 0x15, 0xfe, 0x80, 0x74, 0x1a, 0xc7, 0x55,
    0x7a, 0x4d, 0x55, 0xac, 0x75, 0x6, 0xbf, 0x80,

    /* U+81EA "自" */
    0x8, 0x8, 0x3f, 0xf0, 0x1f, 0xfc, 0x6, 0x3,
    0xff, 0x80, 0xc0, 0x7f, 0xe0,

    /* U+8272 "色" */
    0x20, 0x7, 0xe1, 0x4, 0x7f, 0xe4, 0x44, 0x88,
    0x9f, 0xf2, 0x0, 0x40, 0x28, 0x4, 0xff, 0x80,

    /* U+8282 "节" */
    0x11, 0x1f, 0xfc, 0x44, 0x0, 0x7, 0xfc, 0x10,
    0x82, 0x10, 0x42, 0x9, 0x81, 0x0, 0x20, 0x0,

    /* U+836F "药" */
    0x11, 0x1f, 0xfc, 0x94, 0x22, 0xf, 0x7e, 0x48,
    0x50, 0xf, 0xd1, 0x1, 0x23, 0x7, 0x83, 0x0,

    /* U+83B7 "获" */
    0x11, 0x1f, 0xfc, 0x44, 0x50, 0x4, 0x15, 0x42,
    0x4b, 0xfb, 0x8, 0xa2, 0x84, 0x8b, 0x20, 0x80,

    /* U+83DC "菜" */
    0x11, 0x1f, 0xfc, 0x44, 0x0, 0xe7, 0xe0, 0x90,
    0x89, 0x27, 0xff, 0x15, 0x4, 0x93, 0x11, 0x80,

    /* U+8425 "营" */
    0x11, 0x1f, 0xfc, 0x44, 0x7f, 0xfa, 0xa, 0x7f,
    0x0, 0x3, 0xfe, 0x40, 0x48, 0x9, 0xff, 0x0,

    /* U+85CF "藏" */
    0x11, 0x1f, 0xfc, 0x44, 0x0, 0x5b, 0xff, 0x55,
    0x3b, 0xe9, 0x4d, 0xef, 0x55, 0x4a, 0xbe, 0x80,

    /* U+865A "虚" */
    0x7, 0xc0, 0x81, 0xff, 0xa2, 0x14, 0x78, 0xb8,
    0x51, 0xfa, 0x28, 0x55, 0x49, 0xb2, 0xff, 0x80,

    /* U+884C "行" */
    0x27, 0xc8, 0x2, 0x0, 0x17, 0xf4, 0x9, 0x81,
    0x10, 0x22, 0x4, 0x40, 0x88, 0x11, 0xe, 0x0,

    /* U+8861 "衡" */
    0x2e, 0xea, 0x42, 0x7c, 0x1a, 0xf5, 0xf5, 0xaa,
    0x97, 0xd2, 0x22, 0x5f, 0x49, 0x49, 0x47, 0x0,

    /* U+8865 "补" */
    0x41, 0x4, 0x23, 0xc4, 0x8, 0x82, 0x18, 0x52,
    0x9c, 0x4d, 0x48, 0x21, 0x4, 0x20, 0x84, 0x0,

    /* U+8868 "表" */
    0x4, 0xf, 0xf8, 0x10, 0x3f, 0xe0, 0x41, 0xff,
    0xc2, 0x80, 0x91, 0xe1, 0x45, 0x90, 0xc1, 0x80,

    /* U+88AB "被" */
    0x81, 0x9, 0xff, 0xa4, 0x94, 0x84, 0xfe, 0xb8,
    0x7a, 0x8a, 0xca, 0x48, 0x89, 0x29, 0x58, 0x80,

    /* U+88AD "袭" */
    0x8, 0x9f, 0xfc, 0x4a, 0x11, 0x9c, 0xde, 0x8,
    0x3f, 0xf8, 0x90, 0xe1, 0x45, 0x90, 0xc1, 0x80,

    /* U+88C5 "装" */
    0x91, 0xb, 0xfc, 0x44, 0x18, 0x8d, 0x7c, 0x8,
    0x3f, 0xf8, 0x90, 0xe1, 0x45, 0x90, 0xc1, 0x80,

    /* U+8981 "要" */
    0xff, 0xe1, 0x41, 0xff, 0x25, 0x27, 0xfc, 0x10,
    0x3f, 0xf8, 0x84, 0x31, 0x1, 0xc3, 0xc7, 0x80,

    /* U+89C2 "观" */
    0x7, 0xde, 0x88, 0x55, 0x4a, 0xa5, 0x54, 0xaa,
    0x89, 0x51, 0x8, 0x52, 0xaa, 0x96, 0x23, 0x80,

    /* U+89C4 "规" */
    0x27, 0xc4, 0x8b, 0xd5, 0x12, 0xa2, 0x55, 0xea,
    0x89, 0x51, 0x8, 0x52, 0xaa, 0x96, 0x23, 0x80,

    /* U+89D2 "角" */
    0x20, 0xf, 0xc4, 0x13, 0xff, 0x44, 0x5f, 0xf4,
    0x45, 0xff, 0x44, 0x51, 0x18, 0x4c,

    /* U+89E3 "解" */
    0x23, 0xe7, 0x25, 0x24, 0xff, 0x35, 0x40, 0xfa,
    0x95, 0x7b, 0xf2, 0x55, 0xea, 0x8a, 0x51, 0x0,

    /* U+8A00 "言" */
    0x8, 0x0, 0x83, 0xff, 0x80, 0x7, 0xfc, 0x0,
    0x1f, 0xf0, 0x0, 0x7f, 0xc8, 0x9, 0xff, 0x0,

    /* U+8BA1 "计" */
    0x41, 0x4, 0x20, 0x4, 0x0, 0x8c, 0xfe, 0x82,
    0x10, 0x42, 0x8, 0x51, 0xc, 0x21, 0x4, 0x0,

    /* U+8BA8 "讨" */
    0x40, 0x44, 0x8, 0x3f, 0x80, 0x2e, 0x4, 0x48,
    0x88, 0x91, 0x12, 0x28, 0x46, 0x8, 0x87, 0x0,

    /* U+8BB0 "记" */
    0x8f, 0xc8, 0x8, 0x1, 0x0, 0x2c, 0x4, 0x9f,
    0x92, 0x2, 0x40, 0x58, 0x2d, 0x5, 0x1f, 0x80,

    /* U+8BB8 "许" */
    0x88, 0x9, 0xf8, 0x44, 0x0, 0x8c, 0x10, 0xbf,
    0xd0, 0x42, 0x8, 0x41, 0xc, 0x21, 0x4, 0x0,

    /* U+8BBA "论" */
    0x81, 0x8, 0x50, 0x11, 0xc, 0x1c, 0x40, 0x88,
    0x91, 0x22, 0x38, 0x44, 0x2c, 0x85, 0xf, 0x80,

    /* U+8BBE "设" */
    0x87, 0x88, 0x90, 0x12, 0x2, 0x4d, 0x8e, 0x80,
    0x13, 0xf2, 0x42, 0x44, 0x8c, 0x61, 0x73, 0x80,

    /* U+8BC1 "证" */
    0x9f, 0xe8, 0x20, 0x4, 0x0, 0x8c, 0x90, 0x93,
    0xd2, 0x42, 0x48, 0x49, 0xd, 0x21, 0x7f, 0x80,

    /* U+8BC6 "识" */
    0x8f, 0xc9, 0x8, 0x21, 0x4, 0x2c, 0x84, 0x9f,
    0x90, 0x2, 0x0, 0x44, 0x8d, 0x9, 0x40, 0x80,

    /* U+8BD5 "试" */
    0x81, 0x48, 0x24, 0x7f, 0x80, 0x8c, 0x10, 0xbe,
    0x11, 0x22, 0x24, 0x44, 0xac, 0xed, 0x60, 0x80,

    /* U+8BDA "诚" */
    0x40, 0xa4, 0x14, 0x3f, 0x84, 0x4c, 0xea, 0x95,
    0x52, 0xaa, 0x52, 0x4e, 0x4d, 0x15, 0x4c, 0x80,

    /* U+8BDD "话" */
    0x80, 0xc9, 0xe0, 0x4, 0x0, 0x8c, 0xfe, 0x82,
    0x10, 0x42, 0x3e, 0x54, 0x4c, 0x89, 0x1f, 0x0,

    /* U+8BED "语" */
    0x8f, 0xe8, 0x40, 0x3f, 0x2, 0x2c, 0x44, 0xbf,
    0xd0, 0x2, 0x7f, 0x48, 0x2d, 0x5, 0x3f, 0x80,

    /* U+8BEF "误" */
    0x8f, 0xc9, 0x8, 0x21, 0x7, 0xec, 0x0, 0x9f,
    0x90, 0x42, 0xff, 0x41, 0xc, 0x51, 0x71, 0x80,

    /* U+8BF4 "说" */
    0x88, 0x48, 0x90, 0x3f, 0x4, 0x2c, 0x84, 0x90,
    0x93, 0xf2, 0x24, 0x54, 0xad, 0x15, 0x43, 0x80,

    /* U+8BF7 "请" */
    0x81, 0x9, 0xf8, 0x4, 0x7, 0xec, 0x10, 0xbf,
    0xd2, 0x12, 0x7e, 0x58, 0x4d, 0xf9, 0x21, 0x0,

    /* U+8BFB "读" */
    0x81, 0x9, 0xf8, 0x4, 0xf, 0xfc, 0x42, 0xa5,
    0x12, 0x22, 0xff, 0x41, 0xc, 0xc9, 0x60, 0x80,

    /* U+8C03 "调" */
    0x8f, 0xe9, 0x24, 0x2e, 0x84, 0x9c, 0xba, 0x90,
    0x52, 0xea, 0x55, 0x5b, 0xad, 0x5, 0x41, 0x80,

    /* U+8C61 "象" */
    0x3f, 0x8, 0x23, 0xff, 0x22, 0x27, 0xfc, 0x38,
    0x79, 0x90, 0xcc, 0xe7, 0x43, 0x27, 0x98, 0x0,

    /* U+8D25 "败" */
    0xfa, 0x11, 0x42, 0xaf, 0xd6, 0x2a, 0xa5, 0x54,
    0xaa, 0xa5, 0x54, 0x21, 0xa, 0x52, 0x31, 0x80,

    /* U+8D85 "超" */
    0x13, 0xef, 0xa4, 0x44, 0x89, 0x3f, 0xc0, 0x27,
    0xd4, 0x8a, 0xf1, 0x53, 0xf6, 0x2, 0x3f, 0x80,

    /* U+8DF3 "跳" */
    0xf2, 0x92, 0x52, 0x6a, 0xfb, 0x62, 0x28, 0x45,
    0x2d, 0xb5, 0x55, 0xa2, 0x96, 0x97, 0x23, 0x80,

    /* U+8E22 "踢" */
    0xf7, 0xf2, 0x86, 0x5f, 0xfa, 0x12, 0x7e, 0x44,
    0x2d, 0xfd, 0x55, 0xa4, 0xb7, 0x27, 0x9, 0x80,

    /* U+8EAB "身" */
    0x8, 0x7, 0xf0, 0x82, 0x1f, 0xc2, 0x8, 0x7f,
    0x48, 0x37, 0xfc, 0x4, 0x83, 0x13, 0x8e, 0x0,

    /* U+8F6C "转" */
    0x21, 0x1e, 0xf9, 0x4, 0x50, 0x8a, 0xff, 0xe4,
    0x9, 0xf1, 0x82, 0xe2, 0x84, 0x20, 0x82, 0x0,

    /* U+8F6E "轮" */
    0x21, 0x1e, 0x51, 0x11, 0x54, 0x1a, 0x41, 0xe8,
    0x89, 0x21, 0xb8, 0xe4, 0x24, 0x84, 0x8f, 0x80,

    /* U+8F93 "输" */
    0x21, 0x1e, 0x51, 0x11, 0x55, 0xda, 0x1, 0xfd,
    0x4a, 0xa9, 0xf5, 0xea, 0xa5, 0xc4, 0xa9, 0x80,

    /* U+8FC7 "过" */
    0x80, 0x88, 0x10, 0x7f, 0x80, 0x4c, 0x88, 0x89,
    0x11, 0x22, 0x4, 0x43, 0x94, 0x2, 0x7f, 0x80,

    /* U+8FCE "迎" */
    0x84, 0xb, 0x3c, 0x44, 0x88, 0x9d, 0x12, 0xa2,
    0x55, 0x4a, 0xcb, 0x41, 0x14, 0x22, 0x7f, 0x80,

    /* U+8FD0 "运" */
    0x8f, 0xc8, 0x0, 0x0, 0xf, 0xfc, 0x40, 0x88,
    0x92, 0x12, 0x4d, 0x5e, 0x34, 0x2, 0x7f, 0x80,

    /* U+8FD4 "返" */
    0x80, 0xe9, 0xe0, 0x20, 0x4, 0xc, 0xfe, 0x98,
    0x52, 0x92, 0x4c, 0x56, 0x74, 0x2, 0x7f, 0x80,

    /* U+8FD8 "还" */
    0x9f, 0xe8, 0x20, 0x8, 0x1, 0xc, 0x68, 0x94,
    0x94, 0x8a, 0x10, 0x42, 0x14, 0x2, 0x7f, 0x80,

    /* U+8FD9 "这" */
    0x82, 0x8, 0x20, 0x7f, 0x80, 0x2c, 0x44, 0x85,
    0x10, 0x42, 0x14, 0x4c, 0x74, 0x2, 0x7f, 0x80,

    /* U+8FDB "进" */
    0x84, 0x88, 0x90, 0x7f, 0x82, 0x4c, 0x48, 0xbf,
    0xd1, 0x22, 0x24, 0x48, 0x94, 0x2, 0x7f, 0x80,

    /* U+8FDE "连" */
    0x82, 0xb, 0xfc, 0x10, 0x4, 0x8c, 0x90, 0x9f,
    0xd0, 0x42, 0xff, 0x41, 0x14, 0x22, 0x7f, 0x80,

    /* U+9000 "退" */
    0x8f, 0xc9, 0x8, 0x3f, 0x4, 0x2c, 0xfc, 0x94,
    0x52, 0x52, 0x54, 0x4c, 0x74, 0x2, 0x7f, 0x80,

    /* U+9001 "送" */
    0x84, 0x48, 0x50, 0x3f, 0x80, 0x8c, 0x10, 0x9f,
    0xd0, 0x42, 0x14, 0x4c, 0x74, 0x2, 0x7f, 0x80,

    /* U+9009 "选" */
    0x89, 0x9, 0xf8, 0x44, 0x0, 0x8d, 0xfe, 0x89,
    0x11, 0x22, 0x45, 0x50, 0xf4, 0x2, 0x7f, 0x80,

    /* U+9010 "逐" */
    0x9f, 0xe8, 0x40, 0x14, 0x8d, 0xac, 0x58, 0xb6,
    0x91, 0x4a, 0xc9, 0x46, 0x14, 0x2, 0x7f, 0x80,

    /* U+901A "通" */
    0x8f, 0xc8, 0x50, 0x4, 0x7, 0xfc, 0x92, 0x9f,
    0xd2, 0x4a, 0x7f, 0x49, 0x34, 0x2, 0x7f, 0x80,

    /* U+9020 "造" */
    0x89, 0x9, 0xf8, 0x44, 0x0, 0x8d, 0xfe, 0x80,
    0x13, 0xf2, 0x42, 0x4f, 0xd4, 0x2, 0x7f, 0x80,

    /* U+90FD "都" */
    0x21, 0xfe, 0xa4, 0xa4, 0x98, 0xaf, 0xd4, 0x42,
    0x5f, 0x4e, 0x29, 0x7d, 0xc8, 0xa1, 0xf4, 0x0,

    /* U+914D "配" */
    0xfb, 0xea, 0x5, 0x40, 0xfc, 0x1a, 0x83, 0x57,
    0xf6, 0x84, 0x50, 0xfa, 0x31, 0x47, 0xe7, 0x80,

    /* U+91C7 "采" */
    0x1, 0xcf, 0xc0, 0x21, 0x22, 0x42, 0x10, 0x8,
    0x3f, 0xf8, 0xa8, 0x24, 0x98, 0x8c, 0x10, 0x0,

    /* U+91CC "里" */
    0x7f, 0xc8, 0x89, 0x11, 0x3f, 0xe4, 0x44, 0x88,
    0x9f, 0xf0, 0x20, 0x7f, 0xc0, 0x83, 0xff, 0x80,

    /* U+91CD "重" */
    0x7f, 0xc0, 0x83, 0xff, 0xa2, 0x27, 0xfc, 0x88,
    0x9f, 0xf0, 0x20, 0x7f, 0xc0, 0x83, 0xff, 0x80,

    /* U+91CF "量" */
    0x7f, 0xc8, 0x9, 0xff, 0x20, 0x2f, 0xfe, 0x88,
    0x9f, 0xf2, 0x22, 0x7f, 0xc0, 0x83, 0xff, 0x80,

    /* U+9519 "错" */
    0x44, 0x8d, 0xfa, 0x12, 0x72, 0x45, 0xfe, 0x80,
    0x3b, 0xf2, 0x42, 0x4f, 0xcd, 0x9, 0x3f, 0x0,

    /* U+952E "键" */
    0x40, 0x8f, 0x7e, 0x22, 0xf7, 0xf5, 0xa, 0xb7,
    0xfa, 0x22, 0x5f, 0x58, 0x8d, 0x91, 0x4f, 0x80,

    /* U+957F "长" */
    0x20, 0x84, 0x20, 0x88, 0x16, 0x2, 0x1, 0xff,
    0xc9, 0x1, 0x10, 0x21, 0x5, 0x10, 0xc1, 0x80,

    /* U+95ED "闭" */
    0x9f, 0xe8, 0x4, 0x8, 0xc1, 0x1b, 0xfb, 0x4,
    0x61, 0x8c, 0x51, 0xb2, 0x30, 0xc6, 0x3, 0x80,

    /* U+95EE "问" */
    0x9f, 0xe8, 0x4, 0x0, 0xcf, 0x99, 0x13, 0x22,
    0x64, 0x4c, 0xf9, 0x80, 0x30, 0x6, 0x3, 0x80,

    /* U+95F4 "间" */
    0x9f, 0xe8, 0x4, 0x0, 0xcf, 0x99, 0x13, 0x22,
    0x67, 0xcc, 0x89, 0x91, 0x33, 0xe6, 0x1, 0x80,

    /* U+961F "队" */
    0xf1, 0x12, 0x22, 0x44, 0x50, 0x8a, 0x11, 0x22,
    0x24, 0xa4, 0x94, 0xe4, 0x50, 0x8a, 0x20, 0x80,

    /* U+9635 "阵" */
    0xe2, 0x15, 0xfe, 0x90, 0x54, 0x8c, 0x91, 0x5f,
    0xe8, 0x45, 0x8, 0xef, 0xf0, 0x22, 0x4, 0x0,

    /* U+9636 "阶" */
    0xe1, 0x14, 0x52, 0x91, 0x5c, 0x1c, 0x45, 0x48,
    0xa9, 0x15, 0x22, 0xe4, 0x50, 0x8a, 0x21, 0x0,

    /* U+9645 "际" */
    0xe7, 0xd4, 0x2, 0x80, 0x57, 0xfc, 0x11, 0x42,
    0x2a, 0x55, 0x49, 0xe9, 0x32, 0x26, 0xc, 0x0,

    /* U+9664 "除" */
    0xe3, 0x94, 0x8a, 0xe0, 0xd3, 0xec, 0x11, 0x42,
    0x2b, 0xfd, 0x8, 0xe9, 0x52, 0x26, 0xc, 0x0,

    /* U+9669 "险" */
    0xe1, 0x14, 0x52, 0x91, 0x54, 0x1c, 0x7d, 0x40,
    0x2a, 0x8d, 0x2a, 0xe5, 0x50, 0x12, 0x3f, 0x80,

    /* U+9690 "隐" */
    0xe3, 0xd4, 0x8a, 0xbf, 0xd0, 0x1c, 0xff, 0x40,
    0x6b, 0xfd, 0x10, 0xe5, 0x51, 0x96, 0x5e, 0x80,

    /* U+9700 "需" */
    0x7f, 0xc0, 0x83, 0xff, 0xc2, 0x1b, 0x5a, 0x0,
    0x3f, 0xf8, 0x40, 0xff, 0xf2, 0x26, 0x45, 0x80,

    /* U+9759 "静" */
    0x21, 0x1f, 0x38, 0x89, 0x7d, 0xf2, 0xb, 0xff,
    0xd2, 0x2b, 0xdf, 0x48, 0x8f, 0x11, 0x26, 0x0,

    /* U+9762 "面" */
    0xff, 0xe0, 0x80, 0x20, 0x7f, 0xf9, 0x13, 0x3e,
    0x64, 0x4c, 0x89, 0x9f, 0x32, 0x27, 0xff, 0x80,

    /* U+97F3 "音" */
    0x4, 0xf, 0xf8, 0x82, 0x8, 0x8f, 0xfe, 0x0,
    0xf, 0xe1, 0x4, 0x3f, 0x84, 0x10, 0xfe, 0x0,

    /* U+9875 "页" */
    0xff, 0xe0, 0x81, 0xff, 0x20, 0x24, 0x44, 0x88,
    0x91, 0x12, 0x22, 0xa, 0x6, 0x33, 0x1, 0x80,

    /* U+987A "顺" */
    0x8b, 0xf5, 0x12, 0xaf, 0xd5, 0x1a, 0xab, 0x55,
    0x6a, 0xad, 0x55, 0xa8, 0x95, 0x2a, 0x28, 0x80,

    /* U+987B "须" */
    0x2f, 0xe8, 0x22, 0x3f, 0x84, 0x12, 0x92, 0x92,
    0x62, 0x48, 0x49, 0x22, 0x88, 0x8a, 0x20, 0x80,

    /* U+9884 "预" */
    0xfb, 0xe1, 0x11, 0x4f, 0x91, 0x1f, 0xaa, 0x55,
    0x4c, 0xa9, 0x15, 0x20, 0x84, 0x29, 0x88, 0x80,

    /* U+9891 "频" */
    0x23, 0xf7, 0x12, 0x8f, 0xd1, 0x1f, 0xaa, 0x45,
    0x5a, 0xad, 0x55, 0x10, 0x84, 0x2b, 0x8, 0x80,

    /* U+98CE "风" */
    0x7f, 0xc8, 0x9, 0x5, 0x28, 0xa4, 0xa4, 0x88,
    0x91, 0x12, 0x52, 0x51, 0x48, 0xe, 0x0, 0x80,

    /* U+9996 "首" */
    0x20, 0x82, 0x23, 0xff, 0x82, 0x7, 0xfc, 0x80,
    0x9f, 0xf2, 0x2, 0x7f, 0xc8, 0x9, 0xff, 0x0,

    /* U+9A8C "验" */
    0xe1, 0x4, 0x52, 0x91, 0x54, 0x1a, 0x7d, 0xe0,
    0x6, 0x89, 0xaa, 0xd5, 0x42, 0x11, 0xbf, 0x80,

    /* U+9EA6 "麦" */
    0x4, 0xf, 0xf8, 0x10, 0x3f, 0xe0, 0x41, 0xff,
    0xc2, 0x0, 0xfe, 0x70, 0x81, 0xe3, 0xc3, 0x80,

    /* U+9ED1 "黑" */
    0x7f, 0xc8, 0x89, 0x55, 0x22, 0x27, 0xfc, 0x8,
    0x1f, 0xf0, 0x20, 0xff, 0xea, 0x4a, 0x24, 0x80,

    /* U+9F50 "齐" */
    0x4, 0x1f, 0xfc, 0x82, 0x8, 0x80, 0xe0, 0x63,
    0x30, 0x19, 0x4, 0x20, 0x84, 0x11, 0x2, 0x0,

    /* U+FF01 "！" */
    0x5f, 0xf4, 0x90, 0x40,

    /* U+FF08 "（" */
    0x29, 0x49, 0x24, 0x48, 0x80,

    /* U+FF09 "）" */
    0x89, 0x12, 0x49, 0x4a, 0x0,

    /* U+FF0C "，" */
    0xf6,

    /* U+FF1A "：" */
    0xf0, 0xf,

    /* U+FF1B "；" */
    0xf0, 0x3d, 0x80
};


/*---------------------
 *  GLYPH DESCRIPTION
 *--------------------*/

static const lv_font_fmt_txt_glyph_dsc_t glyph_dsc[] = {
    {.bitmap_index = 0, .adv_w = 0, .box_w = 0, .box_h = 0, .ofs_x = 0, .ofs_y = 0} /* id = 0 reserved */,
    {.bitmap_index = 0, .adv_w = 96, .box_w = 1, .box_h = 1, .ofs_x = 0, .ofs_y = 0},
    {.bitmap_index = 1, .adv_w = 96, .box_w = 1, .box_h = 8, .ofs_x = 2, .ofs_y = 0},
    {.bitmap_index = 2, .adv_w = 96, .box_w = 3, .box_h = 3, .ofs_x = 1, .ofs_y = 5},
    {.bitmap_index = 4, .adv_w = 96, .box_w = 5, .box_h = 8, .ofs_x = 0, .ofs_y = 0},
    {.bitmap_index = 9, .adv_w = 96, .box_w = 5, .box_h = 10, .ofs_x = 0, .ofs_y = -1},
    {.bitmap_index = 16, .adv_w = 96, .box_w = 5, .box_h = 8, .ofs_x = 0, .ofs_y = 0},
    {.bitmap_index = 21, .adv_w = 96, .box_w = 5, .box_h = 8, .ofs_x = 0, .ofs_y = 0},
    {.bitmap_index = 26, .adv_w = 96, .box_w = 1, .box_h = 3, .ofs_x = 2, .ofs_y = 5},
    {.bitmap_index = 27, .adv_w = 96, .box_w = 3, .box_h = 10, .ofs_x = 1, .ofs_y = -1},
    {.bitmap_index = 31, .adv_w = 96, .box_w = 3, .box_h = 10, .ofs_x = 1, .ofs_y = -1},
    {.bitmap_index = 35, .adv_w = 96, .box_w = 5, .box_h = 5, .ofs_x = 0, .ofs_y = 1},
    {.bitmap_index = 39, .adv_w = 96, .box_w = 5, .box_h = 5, .ofs_x = 0, .ofs_y = 1},
    {.bitmap_index = 43, .adv_w = 96, .box_w = 2, .box_h = 3, .ofs_x = 1, .ofs_y = -2},
    {.bitmap_index = 44, .adv_w = 96, .box_w = 5, .box_h = 1, .ofs_x = 0, .ofs_y = 3},
    {.bitmap_index = 45, .adv_w = 96, .box_w = 1, .box_h = 1, .ofs_x = 2, .ofs_y = 0},
    {.bitmap_index = 46, .adv_w = 96, .box_w = 5, .box_h = 10, .ofs_x = 0, .ofs_y = -1},
    {.bitmap_index = 53, .adv_w = 96, .box_w = 5, .box_h = 8, .ofs_x = 0, .ofs_y = 0},
    {.bitmap_index = 58, .adv_w = 96, .box_w = 5, .box_h = 8, .ofs_x = 0, .ofs_y = 0},
    {.bitmap_index = 63, .adv_w = 96, .box_w = 5, .box_h = 8, .ofs_x = 0, .ofs_y = 0},
    {.bitmap_index = 68, .adv_w = 96, .box_w = 5, .box_h = 8, .ofs_x = 0, .ofs_y = 0},
    {.bitmap_index = 73, .adv_w = 96, .box_w = 5, .box_h = 8, .ofs_x = 0, .ofs_y = 0},
    {.bitmap_index = 78, .adv_w = 96, .box_w = 5, .box_h = 8, .ofs_x = 0, .ofs_y = 0},
    {.bitmap_index = 83, .adv_w = 96, .box_w = 5, .box_h = 8, .ofs_x = 0, .ofs_y = 0},
    {.bitmap_index = 88, .adv_w = 96, .box_w = 5, .box_h = 8, .ofs_x = 0, .ofs_y = 0},
    {.bitmap_index = 93, .adv_w = 96, .box_w = 5, .box_h = 8, .ofs_x = 0, .ofs_y = 0},
    {.bitmap_index = 98, .adv_w = 96, .box_w = 5, .box_h = 8, .ofs_x = 0, .ofs_y = 0},
    {.bitmap_index = 103, .adv_w = 96, .box_w = 1, .box_h = 6, .ofs_x = 2, .ofs_y = 0},
    {.bitmap_index = 104, .adv_w = 96, .box_w = 2, .box_h = 8, .ofs_x = 1, .ofs_y = -2},
    {.bitmap_index = 106, .adv_w = 96, .box_w = 4, .box_h = 7, .ofs_x = 1, .ofs_y = 0},
    {.bitmap_index = 110, .adv_w = 96, .box_w = 5, .box_h = 3, .ofs_x = 0, .ofs_y = 2},
    {.bitmap_index = 112, .adv_w = 96, .box_w = 4, .box_h = 7, .ofs_x = 1, .ofs_y = 0},
    {.bitmap_index = 116, .adv_w = 96, .box_w = 5, .box_h = 8, .ofs_x = 0, .ofs_y = 0},
    {.bitmap_index = 121, .adv_w = 96, .box_w = 5, .box_h = 9, .ofs_x = 0, .ofs_y = -1},
    {.bitmap_index = 127, .adv_w = 96, .box_w = 5, .box_h = 8, .ofs_x = 0, .ofs_y = 0},
    {.bitmap_index = 132, .adv_w = 96, .box_w = 5, .box_h = 8, .ofs_x = 0, .ofs_y = 0},
    {.bitmap_index = 137, .adv_w = 96, .box_w = 5, .box_h = 8, .ofs_x = 0, .ofs_y = 0},
    {.bitmap_index = 142, .adv_w = 96, .box_w = 5, .box_h = 8, .ofs_x = 0, .ofs_y = 0},
    {.bitmap_index = 147, .adv_w = 96, .box_w = 5, .box_h = 8, .ofs_x = 0, .ofs_y = 0},
    {.bitmap_index = 152, .adv_w = 96, .box_w = 5, .box_h = 8, .ofs_x = 0, .ofs_y = 0},
    {.bitmap_index = 157, .adv_w = 96, .box_w = 5, .box_h = 8, .ofs_x = 0, .ofs_y = 0},
    {.bitmap_index = 162, .adv_w = 96, .box_w = 5, .box_h = 8, .ofs_x = 0, .ofs_y = 0},
    {.bitmap_index = 167, .adv_w = 96, .box_w = 5, .box_h = 8, .ofs_x = 0, .ofs_y = 0},
    {.bitmap_index = 172, .adv_w = 96, .box_w = 5, .box_h = 8, .ofs_x = 0, .ofs_y = 0},
    {.bitmap_index = 177, .adv_w = 96, .box_w = 5, .box_h = 8, .ofs_x = 0, .ofs_y = 0},
    {.bitmap_index = 182, .adv_w = 96, .box_w = 5, .box_h = 8, .ofs_x = 0, .ofs_y = 0},
    {.bitmap_index = 187, .adv_w = 96, .box_w = 5, .box_h = 8, .ofs_x = 0, .ofs_y = 0},
    {.bitmap_index = 192, .adv_w = 96, .box_w = 5, .box_h = 8, .ofs_x = 0, .ofs_y = 0},
    {.bitmap_index = 197, .adv_w = 96, .box_w = 5, .box_h = 8, .ofs_x = 0, .ofs_y = 0},
    {.bitmap_index = 202, .adv_w = 96, .box_w = 5, .box_h = 8, .ofs_x = 0, .ofs_y = 0},
    {.bitmap_index = 207, .adv_w = 96, .box_w = 5, .box_h = 8, .ofs_x = 0, .ofs_y = 0},
    {.bitmap_index = 212, .adv_w = 96, .box_w = 5, .box_h = 8, .ofs_x = 0, .ofs_y = 0},
    {.bitmap_index = 217, .adv_w = 96, .box_w = 5, .box_h = 8, .ofs_x = 0, .ofs_y = 0},
    {.bitmap_index = 222, .adv_w = 96, .box_w = 5, .box_h = 8, .ofs_x = 0, .ofs_y = 0},
    {.bitmap_index = 227, .adv_w = 96, .box_w = 5, .box_h = 8, .ofs_x = 0, .ofs_y = 0},
    {.bitmap_index = 232, .adv_w = 96, .box_w = 5, .box_h = 8, .ofs_x = 0, .ofs_y = 0},
    {.bitmap_index = 237, .adv_w = 96, .box_w = 5, .box_h = 8, .ofs_x = 0, .ofs_y = 0},
    {.bitmap_index = 242, .adv_w = 96, .box_w = 5, .box_h = 8, .ofs_x = 0, .ofs_y = 0},
    {.bitmap_index = 247, .adv_w = 96, .box_w = 5, .box_h = 8, .ofs_x = 0, .ofs_y = 0},
    {.bitmap_index = 252, .adv_w = 96, .box_w = 5, .box_h = 8, .ofs_x = 0, .ofs_y = 0},
    {.bitmap_index = 257, .adv_w = 96, .box_w = 3, .box_h = 10, .ofs_x = 1, .ofs_y = -1},
    {.bitmap_index = 261, .adv_w = 96, .box_w = 5, .box_h = 10, .ofs_x = 0, .ofs_y = -1},
    {.bitmap_index = 268, .adv_w = 96, .box_w = 3, .box_h = 10, .ofs_x = 1, .ofs_y = -1},
    {.bitmap_index = 272, .adv_w = 96, .box_w = 5, .box_h = 3, .ofs_x = 0, .ofs_y = 5},
    {.bitmap_index = 274, .adv_w = 96, .box_w = 5, .box_h = 1, .ofs_x = 0, .ofs_y = -2},
    {.bitmap_index = 275, .adv_w = 96, .box_w = 2, .box_h = 2, .ofs_x = 2, .ofs_y = 6},
    {.bitmap_index = 276, .adv_w = 96, .box_w = 5, .box_h = 6, .ofs_x = 0, .ofs_y = 0},
    {.bitmap_index = 280, .adv_w = 96, .box_w = 5, .box_h = 8, .ofs_x = 0, .ofs_y = 0},
    {.bitmap_index = 285, .adv_w = 96, .box_w = 5, .box_h = 6, .ofs_x = 0, .ofs_y = 0},
    {.bitmap_index = 289, .adv_w = 96, .box_w = 5, .box_h = 8, .ofs_x = 0, .ofs_y = 0},
    {.bitmap_index = 294, .adv_w = 96, .box_w = 5, .box_h = 6, .ofs_x = 0, .ofs_y = 0},
    {.bitmap_index = 298, .adv_w = 96, .box_w = 5, .box_h = 8, .ofs_x = 0, .ofs_y = 0},
    {.bitmap_index = 303, .adv_w = 96, .box_w = 5, .box_h = 8, .ofs_x = 0, .ofs_y = -2},
    {.bitmap_index = 308, .adv_w = 96, .box_w = 5, .box_h = 8, .ofs_x = 0, .ofs_y = 0},
    {.bitmap_index = 313, .adv_w = 96, .box_w = 5, .box_h = 8, .ofs_x = 0, .ofs_y = 0},
    {.bitmap_index = 318, .adv_w = 96, .box_w = 4, .box_h = 10, .ofs_x = 0, .ofs_y = -2},
    {.bitmap_index = 323, .adv_w = 96, .box_w = 5, .box_h = 8, .ofs_x = 0, .ofs_y = 0},
    {.bitmap_index = 328, .adv_w = 96, .box_w = 5, .box_h = 8, .ofs_x = 0, .ofs_y = 0},
    {.bitmap_index = 333, .adv_w = 96, .box_w = 5, .box_h = 6, .ofs_x = 0, .ofs_y = 0},
    {.bitmap_index = 337, .adv_w = 96, .box_w = 5, .box_h = 6, .ofs_x = 0, .ofs_y = 0},
    {.bitmap_index = 341, .adv_w = 96, .box_w = 5, .box_h = 6, .ofs_x = 0, .ofs_y = 0},
    {.bitmap_index = 345, .adv_w = 96, .box_w = 5, .box_h = 8, .ofs_x = 0, .ofs_y = -2},
    {.bitmap_index = 350, .adv_w = 96, .box_w = 5, .box_h = 8, .ofs_x = 0, .ofs_y = -2},
    {.bitmap_index = 355, .adv_w = 96, .box_w = 5, .box_h = 6, .ofs_x = 0, .ofs_y = 0},
    {.bitmap_index = 359, .adv_w = 96, .box_w = 5, .box_h = 6, .ofs_x = 0, .ofs_y = 0},
    {.bitmap_index = 363, .adv_w = 96, .box_w = 5, .box_h = 8, .ofs_x = 0, .ofs_y = 0},
    {.bitmap_index = 368, .adv_w = 96, .box_w = 5, .box_h = 6, .ofs_x = 0, .ofs_y = 0},
    {.bitmap_index = 372, .adv_w = 96, .box_w = 5, .box_h = 6, .ofs_x = 0, .ofs_y = 0},
    {.bitmap_index = 376, .adv_w = 96, .box_w = 5, .box_h = 6, .ofs_x = 0, .ofs_y = 0},
    {.bitmap_index = 380, .adv_w = 96, .box_w = 5, .box_h = 6, .ofs_x = 0, .ofs_y = 0},
    {.bitmap_index = 384, .adv_w = 96, .box_w = 5, .box_h = 8, .ofs_x = 0, .ofs_y = -2},
    {.bitmap_index = 389, .adv_w = 96, .box_w = 5, .box_h = 6, .ofs_x = 0, .ofs_y = 0},
    {.bitmap_index = 393, .adv_w = 96, .box_w = 4, .box_h = 10, .ofs_x = 0, .ofs_y = -1},
    {.bitmap_index = 398, .adv_w = 96, .box_w = 1, .box_h = 10, .ofs_x = 2, .ofs_y = -1},
    {.bitmap_index = 400, .adv_w = 96, .box_w = 4, .box_h = 10, .ofs_x = 1, .ofs_y = -1},
    {.bitmap_index = 405, .adv_w = 96, .box_w = 5, .box_h = 3, .ofs_x = 0, .ofs_y = 2},
    {.bitmap_index = 407, .adv_w = 192, .box_w = 2, .box_h = 2, .ofs_x = 5, .ofs_y = 2},
    {.bitmap_index = 408, .adv_w = 192, .box_w = 11, .box_h = 1, .ofs_x = 0, .ofs_y = 3},
    {.bitmap_index = 410, .adv_w = 192, .box_w = 10, .box_h = 2, .ofs_x = 1, .ofs_y = 2},
    {.bitmap_index = 413, .adv_w = 192, .box_w = 11, .box_h = 5, .ofs_x = 0, .ofs_y = 1},
    {.bitmap_index = 420, .adv_w = 192, .box_w = 11, .box_h = 11, .ofs_x = 0, .ofs_y = -2},
    {.bitmap_index = 436, .adv_w = 192, .box_w = 11, .box_h = 11, .ofs_x = 0, .ofs_y = -2},
    {.bitmap_index = 452, .adv_w = 192, .box_w = 9, .box_h = 9, .ofs_x = 1, .ofs_y = -1},
    {.bitmap_index = 463, .adv_w = 192, .box_w = 9, .box_h = 9, .ofs_x = 1, .ofs_y = -1},
    {.bitmap_index = 474, .adv_w = 192, .box_w = 9, .box_h = 9, .ofs_x = 1, .ofs_y = -1},
    {.bitmap_index = 485, .adv_w = 192, .box_w = 9, .box_h = 9, .ofs_x = 1, .ofs_y = -1},
    {.bitmap_index = 496, .adv_w = 192, .box_w = 11, .box_h = 11, .ofs_x = 0, .ofs_y = -2},
    {.bitmap_index = 512, .adv_w = 192, .box_w = 11, .box_h = 11, .ofs_x = 0, .ofs_y = -2},
    {.bitmap_index = 528, .adv_w = 192, .box_w = 11, .box_h = 11, .ofs_x = 0, .ofs_y = -2},
    {.bitmap_index = 544, .adv_w = 192, .box_w = 11, .box_h = 11, .ofs_x = 0, .ofs_y = -2},
    {.bitmap_index = 560, .adv_w = 192, .box_w = 3, .box_h = 3, .ofs_x = 1, .ofs_y = -2},
    {.bitmap_index = 562, .adv_w = 192, .box_w = 4, .box_h = 4, .ofs_x = 1, .ofs_y = -2},
    {.bitmap_index = 564, .adv_w = 192, .box_w = 4, .box_h = 8, .ofs_x = 6, .ofs_y = 1},
    {.bitmap_index = 568, .adv_w = 192, .box_w = 4, .box_h = 8, .ofs_x = 1, .ofs_y = -2},
    {.bitmap_index = 572, .adv_w = 192, .box_w = 5, .box_h = 11, .ofs_x = 5, .ofs_y = -2},
    {.bitmap_index = 579, .adv_w = 192, .box_w = 5, .box_h = 11, .ofs_x = 1, .ofs_y = -2},
    {.bitmap_index = 586, .adv_w = 192, .box_w = 11, .box_h = 1, .ofs_x = 0, .ofs_y = 3},
    {.bitmap_index = 588, .adv_w = 192, .box_w = 11, .box_h = 11, .ofs_x = 0, .ofs_y = -2},
    {.bitmap_index = 604, .adv_w = 192, .box_w = 11, .box_h = 11, .ofs_x = 0, .ofs_y = -2},
    {.bitmap_index = 620, .adv_w = 192, .box_w = 11, .box_h = 11, .ofs_x = 0, .ofs_y = -2},
    {.bitmap_index = 636, .adv_w = 192, .box_w = 11, .box_h = 11, .ofs_x = 0, .ofs_y = -2},
    {.bitmap_index = 652, .adv_w = 192, .box_w = 11, .box_h = 11, .ofs_x = 0, .ofs_y = -2},
    {.bitmap_index = 668, .adv_w = 192, .box_w = 11, .box_h = 11, .ofs_x = 0, .ofs_y = -2},
    {.bitmap_index = 684, .adv_w = 192, .box_w = 11, .box_h = 11, .ofs_x = 0, .ofs_y = -2},
    {.bitmap_index = 700, .adv_w = 192, .box_w = 11, .box_h = 11, .ofs_x = 0, .ofs_y = -2},
    {.bitmap_index = 716, .adv_w = 192, .box_w = 11, .box_h = 11, .ofs_x = 0, .ofs_y = -2},
    {.bitmap_index = 732, .adv_w = 192, .box_w = 11, .box_h = 11, .ofs_x = 0, .ofs_y = -2},
    {.bitmap_index = 748, .adv_w = 192, .box_w = 11, .box_h = 11, .ofs_x = 0, .ofs_y = -2},
    {.bitmap_index = 764, .adv_w = 192, .box_w = 9, .box_h = 11, .ofs_x = 1, .ofs_y = -2},
    {.bitmap_index = 777, .adv_w = 192, .box_w = 11, .box_h = 11, .ofs_x = 0, .ofs_y = -2},
    {.bitmap_index = 793, .adv_w = 192, .box_w = 11, .box_h = 11, .ofs_x = 0, .ofs_y = -2},
    {.bitmap_index = 809, .adv_w = 192, .box_w = 11, .box_h = 11, .ofs_x = 0, .ofs_y = -2},
    {.bitmap_index = 825, .adv_w = 192, .box_w = 11, .box_h = 11, .ofs_x = 0, .ofs_y = -2},
    {.bitmap_index = 841, .adv_w = 192, .box_w = 11, .box_h = 11, .ofs_x = 0, .ofs_y = -2},
    {.bitmap_index = 857, .adv_w = 192, .box_w = 11, .box_h = 11, .ofs_x = 0, .ofs_y = -2},
    {.bitmap_index = 873, .adv_w = 192, .box_w = 11, .box_h = 11, .ofs_x = 0, .ofs_y = -2},
    {.bitmap_index = 889, .adv_w = 192, .box_w = 11, .box_h = 11, .ofs_x = 0, .ofs_y = -2},
    {.bitmap_index = 905, .adv_w = 192, .box_w = 11, .box_h = 11, .ofs_x = 0, .ofs_y = -2},
    {.bitmap_index = 921, .adv_w = 192, .box_w = 10, .box_h = 11, .ofs_x = 1, .ofs_y = -2},
    {.bitmap_index = 935, .adv_w = 192, .box_w = 11, .box_h = 11, .ofs_x = 0, .ofs_y = -2},
    {.bitmap_index = 951, .adv_w = 192, .box_w = 11, .box_h = 11, .ofs_x = 0, .ofs_y = -2},
    {.bitmap_index = 967, .adv_w = 192, .box_w = 11, .box_h = 11, .ofs_x = 0, .ofs_y = -2},
    {.bitmap_index = 983, .adv_w = 192, .box_w = 11, .box_h = 11, .ofs_x = 0, .ofs_y = -2},
    {.bitmap_index = 999, .adv_w = 192, .box_w = 11, .box_h = 11, .ofs_x = 0, .ofs_y = -2},
    {.bitmap_index = 1015, .adv_w = 192, .box_w = 11, .box_h = 11, .ofs_x = 0, .ofs_y = -2},
    {.bitmap_index = 1031, .adv_w = 192, .box_w = 11, .box_h = 11, .ofs_x = 0, .ofs_y = -2},
    {.bitmap_index = 1047, .adv_w = 192, .box_w = 11, .box_h = 11, .ofs_x = 0, .ofs_y = -2},
    {.bitmap_index = 1063, .adv_w = 192, .box_w = 11, .box_h = 11, .ofs_x = 0, .ofs_y = -2},
    {.bitmap_index = 1079, .adv_w = 192, .box_w = 11, .box_h = 11, .ofs_x = 0, .ofs_y = -2},
    {.bitmap_index = 1095, .adv_w = 192, .box_w = 11, .box_h = 11, .ofs_x = 0, .ofs_y = -2},
    {.bitmap_index = 1111, .adv_w = 192, .box_w = 11, .box_h = 11, .ofs_x = 0, .ofs_y = -2},
    {.bitmap_index = 1127, .adv_w = 192, .box_w = 11, .box_h = 11, .ofs_x = 0, .ofs_y = -2},
    {.bitmap_index = 1143, .adv_w = 192, .box_w = 11, .box_h = 11, .ofs_x = 0, .ofs_y = -2},
    {.bitmap_index = 1159, .adv_w = 192, .box_w = 11, .box_h = 11, .ofs_x = 0, .ofs_y = -2},
    {.bitmap_index = 1175, .adv_w = 192, .box_w = 11, .box_h = 11, .ofs_x = 0, .ofs_y = -2},
    {.bitmap_index = 1191, .adv_w = 192, .box_w = 11, .box_h = 11, .ofs_x = 0, .ofs_y = -2},
    {.bitmap_index = 1207, .adv_w = 192, .box_w = 11, .box_h = 11, .ofs_x = 0, .ofs_y = -2},
    {.bitmap_index = 1223, .adv_w = 192, .box_w = 11, .box_h = 11, .ofs_x = 0, .ofs_y = -2},
    {.bitmap_index = 1239, .adv_w = 192, .box_w = 11, .box_h = 11, .ofs_x = 0, .ofs_y = -2},
    {.bitmap_index = 1255, .adv_w = 192, .box_w = 11, .box_h = 11, .ofs_x = 0, .ofs_y = -2},
    {.bitmap_index = 1271, .adv_w = 192, .box_w = 11, .box_h = 11, .ofs_x = 0, .ofs_y = -2},
    {.bitmap_index = 1287, .adv_w = 192, .box_w = 11, .box_h = 11, .ofs_x = 0, .ofs_y = -2},
    {.bitmap_index = 1303, .adv_w = 192, .box_w = 11, .box_h = 11, .ofs_x = 0, .ofs_y = -2},
    {.bitmap_index = 1319, .adv_w = 192, .box_w = 11, .box_h = 11, .ofs_x = 0, .ofs_y = -2},
    {.bitmap_index = 1335, .adv_w = 192, .box_w = 11, .box_h = 11, .ofs_x = 0, .ofs_y = -2},
    {.bitmap_index = 1351, .adv_w = 192, .box_w = 11, .box_h = 11, .ofs_x = 0, .ofs_y = -2},
    {.bitmap_index = 1367, .adv_w = 192, .box_w = 11, .box_h = 11, .ofs_x = 0, .ofs_y = -2},
    {.bitmap_index = 1383, .adv_w = 192, .box_w = 11, .box_h = 11, .ofs_x = 0, .ofs_y = -2},
    {.bitmap_index = 1399, .adv_w = 192, .box_w = 11, .box_h = 11, .ofs_x = 0, .ofs_y = -2},
    {.bitmap_index = 1415, .adv_w = 192, .box_w = 11, .box_h = 11, .ofs_x = 0, .ofs_y = -2},
    {.bitmap_index = 1431, .adv_w = 192, .box_w = 11, .box_h = 11, .ofs_x = 0, .ofs_y = -2},
    {.bitmap_index = 1447, .adv_w = 192, .box_w = 11, .box_h = 11, .ofs_x = 0, .ofs_y = -2},
    {.bitmap_index = 1463, .adv_w = 192, .box_w = 11, .box_h = 11, .ofs_x = 0, .ofs_y = -2},
    {.bitmap_index = 1479, .adv_w = 192, .box_w = 11, .box_h = 11, .ofs_x = 0, .ofs_y = -2},
    {.bitmap_index = 1495, .adv_w = 192, .box_w = 11, .box_h = 11, .ofs_x = 0, .ofs_y = -2},
    {.bitmap_index = 1511, .adv_w = 192, .box_w = 11, .box_h = 11, .ofs_x = 0, .ofs_y = -2},
    {.bitmap_index = 1527, .adv_w = 192, .box_w = 11, .box_h = 11, .ofs_x = 0, .ofs_y = -2},
    {.bitmap_index = 1543, .adv_w = 192, .box_w = 11, .box_h = 11, .ofs_x = 0, .ofs_y = -2},
    {.bitmap_index = 1559, .adv_w = 192, .box_w = 11, .box_h = 11, .ofs_x = 0, .ofs_y = -2},
    {.bitmap_index = 1575, .adv_w = 192, .box_w = 11, .box_h = 11, .ofs_x = 0, .ofs_y = -2},
    {.bitmap_index = 1591, .adv_w = 192, .box_w = 11, .box_h = 11, .ofs_x = 0, .ofs_y = -2},
    {.bitmap_index = 1607, .adv_w = 192, .box_w = 11, .box_h = 11, .ofs_x = 0, .ofs_y = -2},
    {.bitmap_index = 1623, .adv_w = 192, .box_w = 11, .box_h = 11, .ofs_x = 0, .ofs_y = -2},
    {.bitmap_index = 1639, .adv_w = 192, .box_w = 11, .box_h = 11, .ofs_x = 0, .ofs_y = -2},
    {.bitmap_index = 1655, .adv_w = 192, .box_w = 11, .box_h = 11, .ofs_x = 0, .ofs_y = -2},
    {.bitmap_index = 1671, .adv_w = 192, .box_w = 11, .box_h = 11, .ofs_x = 0, .ofs_y = -2},
    {.bitmap_index = 1687, .adv_w = 192, .box_w = 11, .box_h = 11, .ofs_x = 0, .ofs_y = -2},
    {.bitmap_index = 1703, .adv_w = 192, .box_w = 11, .box_h = 11, .ofs_x = 0, .ofs_y = -2},
    {.bitmap_index = 1719, .adv_w = 192, .box_w = 11, .box_h = 11, .ofs_x = 0, .ofs_y = -2},
    {.bitmap_index = 1735, .adv_w = 192, .box_w = 11, .box_h = 11, .ofs_x = 0, .ofs_y = -2},
    {.bitmap_index = 1751, .adv_w = 192, .box_w = 11, .box_h = 11, .ofs_x = 0, .ofs_y = -2},
    {.bitmap_index = 1767, .adv_w = 192, .box_w = 11, .box_h = 11, .ofs_x = 0, .ofs_y = -2},
    {.bitmap_index = 1783, .adv_w = 192, .box_w = 11, .box_h = 11, .ofs_x = 0, .ofs_y = -2},
    {.bitmap_index = 1799, .adv_w = 192, .box_w = 11, .box_h = 11, .ofs_x = 0, .ofs_y = -2},
    {.bitmap_index = 1815, .adv_w = 192, .box_w = 11, .box_h = 11, .ofs_x = 0, .ofs_y = -2},
    {.bitmap_index = 1831, .adv_w = 192, .box_w = 11, .box_h = 11, .ofs_x = 0, .ofs_y = -2},
    {.bitmap_index = 1847, .adv_w = 192, .box_w = 11, .box_h = 11, .ofs_x = 0, .ofs_y = -2},
    {.bitmap_index = 1863, .adv_w = 192, .box_w = 11, .box_h = 11, .ofs_x = 0, .ofs_y = -2},
    {.bitmap_index = 1879, .adv_w = 192, .box_w = 11, .box_h = 11, .ofs_x = 0, .ofs_y = -2},
    {.bitmap_index = 1895, .adv_w = 192, .box_w = 11, .box_h = 11, .ofs_x = 0, .ofs_y = -2},
    {.bitmap_index = 1911, .adv_w = 192, .box_w = 11, .box_h = 11, .ofs_x = 0, .ofs_y = -2},
    {.bitmap_index = 1927, .adv_w = 192, .box_w = 11, .box_h = 11, .ofs_x = 0, .ofs_y = -2},
    {.bitmap_index = 1943, .adv_w = 192, .box_w = 11, .box_h = 11, .ofs_x = 0, .ofs_y = -2},
    {.bitmap_index = 1959, .adv_w = 192, .box_w = 11, .box_h = 11, .ofs_x = 0, .ofs_y = -2},
    {.bitmap_index = 1975, .adv_w = 192, .box_w = 9, .box_h = 9, .ofs_x = 1, .ofs_y = -1},
    {.bitmap_index = 1986, .adv_w = 192, .box_w = 11, .box_h = 11, .ofs_x = 0, .ofs_y = -2},
    {.bitmap_index = 2002, .adv_w = 192, .box_w = 11, .box_h = 11, .ofs_x = 0, .ofs_y = -2},
    {.bitmap_index = 2018, .adv_w = 192, .box_w = 11, .box_h = 11, .ofs_x = 0, .ofs_y = -2},
    {.bitmap_index = 2034, .adv_w = 192, .box_w = 11, .box_h = 11, .ofs_x = 0, .ofs_y = -2},
    {.bitmap_index = 2050, .adv_w = 192, .box_w = 11, .box_h = 11, .ofs_x = 0, .ofs_y = -2},
    {.bitmap_index = 2066, .adv_w = 192, .box_w = 11, .box_h = 11, .ofs_x = 0, .ofs_y = -2},
    {.bitmap_index = 2082, .adv_w = 192, .box_w = 11, .box_h = 11, .ofs_x = 0, .ofs_y = -2},
    {.bitmap_index = 2098, .adv_w = 192, .box_w = 11, .box_h = 11, .ofs_x = 0, .ofs_y = -2},
    {.bitmap_index = 2114, .adv_w = 192, .box_w = 11, .box_h = 11, .ofs_x = 0, .ofs_y = -2},
    {.bitmap_index = 2130, .adv_w = 192, .box_w = 11, .box_h = 11, .ofs_x = 0, .ofs_y = -2},
    {.bitmap_index = 2146, .adv_w = 192, .box_w = 11, .box_h = 11, .ofs_x = 0, .ofs_y = -2},
    {.bitmap_index = 2162, .adv_w = 192, .box_w = 11, .box_h = 11, .ofs_x = 0, .ofs_y = -2},
    {.bitmap_index = 2178, .adv_w = 192, .box_w = 11, .box_h = 11, .ofs_x = 0, .ofs_y = -2},
    {.bitmap_index = 2194, .adv_w = 192, .box_w = 11, .box_h = 11, .ofs_x = 0, .ofs_y = -2},
    {.bitmap_index = 2210, .adv_w = 192, .box_w = 11, .box_h = 11, .ofs_x = 0, .ofs_y = -2},
    {.bitmap_index = 2226, .adv_w = 192, .box_w = 11, .box_h = 11, .ofs_x = 0, .ofs_y = -2},
    {.bitmap_index = 2242, .adv_w = 192, .box_w = 11, .box_h = 11, .ofs_x = 0, .ofs_y = -2},
    {.bitmap_index = 2258, .adv_w = 192, .box_w = 11, .box_h = 11, .ofs_x = 0, .ofs_y = -2},
    {.bitmap_index = 2274, .adv_w = 192, .box_w = 11, .box_h = 11, .ofs_x = 0, .ofs_y = -2},
    {.bitmap_index = 2290, .adv_w = 192, .box_w = 11, .box_h = 11, .ofs_x = 0, .ofs_y = -2},
    {.bitmap_index = 2306, .adv_w = 192, .box_w = 11, .box_h = 11, .ofs_x = 0, .ofs_y = -2},
    {.bitmap_index = 2322, .adv_w = 192, .box_w = 11, .box_h = 11, .ofs_x = 0, .ofs_y = -2},
    {.bitmap_index = 2338, .adv_w = 192, .box_w = 11, .box_h = 11, .ofs_x = 0, .ofs_y = -2},
    {.bitmap_index = 2354, .adv_w = 192, .box_w = 11, .box_h = 11, .ofs_x = 0, .ofs_y = -2},
    {.bitmap_index = 2370, .adv_w = 192, .box_w = 11, .box_h = 11, .ofs_x = 0, .ofs_y = -2},
    {.bitmap_index = 2386, .adv_w = 192, .box_w = 11, .box_h = 11, .ofs_x = 0, .ofs_y = -2},
    {.bitmap_index = 2402, .adv_w = 192, .box_w = 11, .box_h = 11, .ofs_x = 0, .ofs_y = -2},
    {.bitmap_index = 2418, .adv_w = 192, .box_w = 11, .box_h = 11, .ofs_x = 0, .ofs_y = -2},
    {.bitmap_index = 2434, .adv_w = 192, .box_w = 11, .box_h = 11, .ofs_x = 0, .ofs_y = -2},
    {.bitmap_index = 2450, .adv_w = 192, .box_w = 11, .box_h = 11, .ofs_x = 0, .ofs_y = -2},
    {.bitmap_index = 2466, .adv_w = 192, .box_w = 11, .box_h = 11, .ofs_x = 0, .ofs_y = -2},
    {.bitmap_index = 2482, .adv_w = 192, .box_w = 11, .box_h = 11, .ofs_x = 0, .ofs_y = -2},
    {.bitmap_index = 2498, .adv_w = 192, .box_w = 11, .box_h = 11, .ofs_x = 0, .ofs_y = -2},
    {.bitmap_index = 2514, .adv_w = 192, .box_w = 11, .box_h = 11, .ofs_x = 0, .ofs_y = -2},
    {.bitmap_index = 2530, .adv_w = 192, .box_w = 11, .box_h = 11, .ofs_x = 0, .ofs_y = -2},
    {.bitmap_index = 2546, .adv_w = 192, .box_w = 11, .box_h = 11, .ofs_x = 0, .ofs_y = -2},
    {.bitmap_index = 2562, .adv_w = 192, .box_w = 11, .box_h = 11, .ofs_x = 0, .ofs_y = -2},
    {.bitmap_index = 2578, .adv_w = 192, .box_w = 11, .box_h = 11, .ofs_x = 0, .ofs_y = -2},
    {.bitmap_index = 2594, .adv_w = 192, .box_w = 11, .box_h = 11, .ofs_x = 0, .ofs_y = -2},
    {.bitmap_index = 2610, .adv_w = 192, .box_w = 11, .box_h = 11, .ofs_x = 0, .ofs_y = -2},
    {.bitmap_index = 2626, .adv_w = 192, .box_w = 11, .box_h = 11, .ofs_x = 0, .ofs_y = -2},
    {.bitmap_index = 2642, .adv_w = 192, .box_w = 11, .box_h = 11, .ofs_x = 0, .ofs_y = -2},
    {.bitmap_index = 2658, .adv_w = 192, .box_w = 11, .box_h = 11, .ofs_x = 0, .ofs_y = -2},
    {.bitmap_index = 2674, .adv_w = 192, .box_w = 11, .box_h = 11, .ofs_x = 0, .ofs_y = -2},
    {.bitmap_index = 2690, .adv_w = 192, .box_w = 11, .box_h = 11, .ofs_x = 0, .ofs_y = -2},
    {.bitmap_index = 2706, .adv_w = 192, .box_w = 11, .box_h = 11, .ofs_x = 0, .ofs_y = -2},
    {.bitmap_index = 2722, .adv_w = 192, .box_w = 11, .box_h = 11, .ofs_x = 0, .ofs_y = -2},
    {.bitmap_index = 2738, .adv_w = 192, .box_w = 11, .box_h = 11, .ofs_x = 0, .ofs_y = -2},
    {.bitmap_index = 2754, .adv_w = 192, .box_w = 11, .box_h = 11, .ofs_x = 0, .ofs_y = -2},
    {.bitmap_index = 2770, .adv_w = 192, .box_w = 11, .box_h = 11, .ofs_x = 0, .ofs_y = -2},
    {.bitmap_index = 2786, .adv_w = 192, .box_w = 11, .box_h = 11, .ofs_x = 0, .ofs_y = -2},
    {.bitmap_index = 2802, .adv_w = 192, .box_w = 11, .box_h = 11, .ofs_x = 0, .ofs_y = -2},
    {.bitmap_index = 2818, .adv_w = 192, .box_w = 11, .box_h = 11, .ofs_x = 0, .ofs_y = -2},
    {.bitmap_index = 2834, .adv_w = 192, .box_w = 11, .box_h = 11, .ofs_x = 0, .ofs_y = -2},
    {.bitmap_index = 2850, .adv_w = 192, .box_w = 11, .box_h = 11, .ofs_x = 0, .ofs_y = -2},
    {.bitmap_index = 2866, .adv_w = 192, .box_w = 11, .box_h = 11, .ofs_x = 0, .ofs_y = -2},
    {.bitmap_index = 2882, .adv_w = 192, .box_w = 11, .box_h = 11, .ofs_x = 0, .ofs_y = -2},
    {.bitmap_index = 2898, .adv_w = 192, .box_w = 11, .box_h = 11, .ofs_x = 0, .ofs_y = -2},
    {.bitmap_index = 2914, .adv_w = 192, .box_w = 10, .box_h = 11, .ofs_x = 1, .ofs_y = -2},
    {.bitmap_index = 2928, .adv_w = 192, .box_w = 10, .box_h = 11, .ofs_x = 1, .ofs_y = -2},
    {.bitmap_index = 2942, .adv_w = 192, .box_w = 11, .box_h = 11, .ofs_x = 0, .ofs_y = -2},
    {.bitmap_index = 2958, .adv_w = 192, .box_w = 11, .box_h = 11, .ofs_x = 0, .ofs_y = -2},
    {.bitmap_index = 2974, .adv_w = 192, .box_w = 11, .box_h = 11, .ofs_x = 0, .ofs_y = -2},
    {.bitmap_index = 2990, .adv_w = 192, .box_w = 11, .box_h = 11, .ofs_x = 0, .ofs_y = -2},
    {.bitmap_index = 3006, .adv_w = 192, .box_w = 11, .box_h = 11, .ofs_x = 0, .ofs_y = -2},
    {.bitmap_index = 3022, .adv_w = 192, .box_w = 11, .box_h = 11, .ofs_x = 0, .ofs_y = -2},
    {.bitmap_index = 3038, .adv_w = 192, .box_w = 11, .box_h = 11, .ofs_x = 0, .ofs_y = -2},
    {.bitmap_index = 3054, .adv_w = 192, .box_w = 11, .box_h = 11, .ofs_x = 0, .ofs_y = -2},
    {.bitmap_index = 3070, .adv_w = 192, .box_w = 11, .box_h = 11, .ofs_x = 0, .ofs_y = -2},
    {.bitmap_index = 3086, .adv_w = 192, .box_w = 11, .box_h = 11, .ofs_x = 0, .ofs_y = -2},
    {.bitmap_index = 3102, .adv_w = 192, .box_w = 10, .box_h = 11, .ofs_x = 0, .ofs_y = -2},
    {.bitmap_index = 3116, .adv_w = 192, .box_w = 11, .box_h = 11, .ofs_x = 0, .ofs_y = -2},
    {.bitmap_index = 3132, .adv_w = 192, .box_w = 11, .box_h = 11, .ofs_x = 0, .ofs_y = -2},
    {.bitmap_index = 3148, .adv_w = 192, .box_w = 9, .box_h = 11, .ofs_x = 1, .ofs_y = -2},
    {.bitmap_index = 3161, .adv_w = 192, .box_w = 11, .box_h = 11, .ofs_x = 0, .ofs_y = -2},
    {.bitmap_index = 3177, .adv_w = 192, .box_w = 11, .box_h = 11, .ofs_x = 0, .ofs_y = -2},
    {.bitmap_index = 3193, .adv_w = 192, .box_w = 11, .box_h = 11, .ofs_x = 0, .ofs_y = -2},
    {.bitmap_index = 3209, .adv_w = 192, .box_w = 11, .box_h = 11, .ofs_x = 0, .ofs_y = -2},
    {.bitmap_index = 3225, .adv_w = 192, .box_w = 11, .box_h = 11, .ofs_x = 0, .ofs_y = -2},
    {.bitmap_index = 3241, .adv_w = 192, .box_w = 11, .box_h = 11, .ofs_x = 0, .ofs_y = -2},
    {.bitmap_index = 3257, .adv_w = 192, .box_w = 11, .box_h = 11, .ofs_x = 0, .ofs_y = -2},
    {.bitmap_index = 3273, .adv_w = 192, .box_w = 11, .box_h = 11, .ofs_x = 0, .ofs_y = -2},
    {.bitmap_index = 3289, .adv_w = 192, .box_w = 11, .box_h = 11, .ofs_x = 0, .ofs_y = -2},
    {.bitmap_index = 3305, .adv_w = 192, .box_w = 11, .box_h = 11, .ofs_x = 0, .ofs_y = -2},
    {.bitmap_index = 3321, .adv_w = 192, .box_w = 11, .box_h = 11, .ofs_x = 0, .ofs_y = -2},
    {.bitmap_index = 3337, .adv_w = 192, .box_w = 11, .box_h = 11, .ofs_x = 0, .ofs_y = -2},
    {.bitmap_index = 3353, .adv_w = 192, .box_w = 11, .box_h = 11, .ofs_x = 0, .ofs_y = -2},
    {.bitmap_index = 3369, .adv_w = 192, .box_w = 11, .box_h = 11, .ofs_x = 0, .ofs_y = -2},
    {.bitmap_index = 3385, .adv_w = 192, .box_w = 11, .box_h = 11, .ofs_x = 0, .ofs_y = -2},
    {.bitmap_index = 3401, .adv_w = 192, .box_w = 11, .box_h = 11, .ofs_x = 0, .ofs_y = -2},
    {.bitmap_index = 3417, .adv_w = 192, .box_w = 11, .box_h = 11, .ofs_x = 0, .ofs_y = -2},
    {.bitmap_index = 3433, .adv_w = 192, .box_w = 11, .box_h = 11, .ofs_x = 0, .ofs_y = -2},
    {.bitmap_index = 3449, .adv_w = 192, .box_w = 11, .box_h = 11, .ofs_x = 0, .ofs_y = -2},
    {.bitmap_index = 3465, .adv_w = 192, .box_w = 11, .box_h = 11, .ofs_x = 0, .ofs_y = -2},
    {.bitmap_index = 3481, .adv_w = 192, .box_w = 11, .box_h = 11, .ofs_x = 0, .ofs_y = -2},
    {.bitmap_index = 3497, .adv_w = 192, .box_w = 11, .box_h = 11, .ofs_x = 0, .ofs_y = -2},
    {.bitmap_index = 3513, .adv_w = 192, .box_w = 11, .box_h = 11, .ofs_x = 0, .ofs_y = -2},
    {.bitmap_index = 3529, .adv_w = 192, .box_w = 11, .box_h = 11, .ofs_x = 0, .ofs_y = -2},
    {.bitmap_index = 3545, .adv_w = 192, .box_w = 11, .box_h = 11, .ofs_x = 0, .ofs_y = -2},
    {.bitmap_index = 3561, .adv_w = 192, .box_w = 11, .box_h = 11, .ofs_x = 0, .ofs_y = -2},
    {.bitmap_index = 3577, .adv_w = 192, .box_w = 11, .box_h = 11, .ofs_x = 0, .ofs_y = -2},
    {.bitmap_index = 3593, .adv_w = 192, .box_w = 11, .box_h = 11, .ofs_x = 0, .ofs_y = -2},
    {.bitmap_index = 3609, .adv_w = 192, .box_w = 11, .box_h = 11, .ofs_x = 0, .ofs_y = -2},
    {.bitmap_index = 3625, .adv_w = 192, .box_w = 11, .box_h = 11, .ofs_x = 0, .ofs_y = -2},
    {.bitmap_index = 3641, .adv_w = 192, .box_w = 11, .box_h = 11, .ofs_x = 0, .ofs_y = -2},
    {.bitmap_index = 3657, .adv_w = 192, .box_w = 11, .box_h = 11, .ofs_x = 0, .ofs_y = -2},
    {.bitmap_index = 3673, .adv_w = 192, .box_w = 11, .box_h = 11, .ofs_x = 0, .ofs_y = -2},
    {.bitmap_index = 3689, .adv_w = 192, .box_w = 11, .box_h = 11, .ofs_x = 0, .ofs_y = -2},
    {.bitmap_index = 3705, .adv_w = 192, .box_w = 11, .box_h = 11, .ofs_x = 0, .ofs_y = -2},
    {.bitmap_index = 3721, .adv_w = 192, .box_w = 11, .box_h = 11, .ofs_x = 0, .ofs_y = -2},
    {.bitmap_index = 3737, .adv_w = 192, .box_w = 11, .box_h = 11, .ofs_x = 0, .ofs_y = -2},
    {.bitmap_index = 3753, .adv_w = 192, .box_w = 11, .box_h = 11, .ofs_x = 0, .ofs_y = -2},
    {.bitmap_index = 3769, .adv_w = 192, .box_w = 11, .box_h = 11, .ofs_x = 0, .ofs_y = -2},
    {.bitmap_index = 3785, .adv_w = 192, .box_w = 11, .box_h = 11, .ofs_x = 0, .ofs_y = -2},
    {.bitmap_index = 3801, .adv_w = 192, .box_w = 11, .box_h = 11, .ofs_x = 0, .ofs_y = -2},
    {.bitmap_index = 3817, .adv_w = 192, .box_w = 11, .box_h = 11, .ofs_x = 0, .ofs_y = -2},
    {.bitmap_index = 3833, .adv_w = 192, .box_w = 11, .box_h = 11, .ofs_x = 0, .ofs_y = -2},
    {.bitmap_index = 3849, .adv_w = 192, .box_w = 11, .box_h = 11, .ofs_x = 0, .ofs_y = -2},
    {.bitmap_index = 3865, .adv_w = 192, .box_w = 11, .box_h = 11, .ofs_x = 0, .ofs_y = -2},
    {.bitmap_index = 3881, .adv_w = 192, .box_w = 11, .box_h = 11, .ofs_x = 0, .ofs_y = -2},
    {.bitmap_index = 3897, .adv_w = 192, .box_w = 10, .box_h = 11, .ofs_x = 1, .ofs_y = -2},
    {.bitmap_index = 3911, .adv_w = 192, .box_w = 11, .box_h = 11, .ofs_x = 0, .ofs_y = -2},
    {.bitmap_index = 3927, .adv_w = 192, .box_w = 11, .box_h = 11, .ofs_x = 0, .ofs_y = -2},
    {.bitmap_index = 3943, .adv_w = 192, .box_w = 11, .box_h = 11, .ofs_x = 0, .ofs_y = -2},
    {.bitmap_index = 3959, .adv_w = 192, .box_w = 11, .box_h = 11, .ofs_x = 0, .ofs_y = -2},
    {.bitmap_index = 3975, .adv_w = 192, .box_w = 11, .box_h = 11, .ofs_x = 0, .ofs_y = -2},
    {.bitmap_index = 3991, .adv_w = 192, .box_w = 11, .box_h = 11, .ofs_x = 0, .ofs_y = -2},
    {.bitmap_index = 4007, .adv_w = 192, .box_w = 11, .box_h = 11, .ofs_x = 0, .ofs_y = -2},
    {.bitmap_index = 4023, .adv_w = 192, .box_w = 11, .box_h = 11, .ofs_x = 0, .ofs_y = -2},
    {.bitmap_index = 4039, .adv_w = 192, .box_w = 11, .box_h = 11, .ofs_x = 0, .ofs_y = -2},
    {.bitmap_index = 4055, .adv_w = 192, .box_w = 11, .box_h = 11, .ofs_x = 0, .ofs_y = -2},
    {.bitmap_index = 4071, .adv_w = 192, .box_w = 11, .box_h = 11, .ofs_x = 0, .ofs_y = -2},
    {.bitmap_index = 4087, .adv_w = 192, .box_w = 11, .box_h = 11, .ofs_x = 0, .ofs_y = -2},
    {.bitmap_index = 4103, .adv_w = 192, .box_w = 11, .box_h = 11, .ofs_x = 0, .ofs_y = -2},
    {.bitmap_index = 4119, .adv_w = 192, .box_w = 11, .box_h = 11, .ofs_x = 0, .ofs_y = -2},
    {.bitmap_index = 4135, .adv_w = 192, .box_w = 11, .box_h = 11, .ofs_x = 0, .ofs_y = -2},
    {.bitmap_index = 4151, .adv_w = 192, .box_w = 11, .box_h = 11, .ofs_x = 0, .ofs_y = -2},
    {.bitmap_index = 4167, .adv_w = 192, .box_w = 11, .box_h = 11, .ofs_x = 0, .ofs_y = -2},
    {.bitmap_index = 4183, .adv_w = 192, .box_w = 11, .box_h = 11, .ofs_x = 0, .ofs_y = -2},
    {.bitmap_index = 4199, .adv_w = 192, .box_w = 11, .box_h = 11, .ofs_x = 0, .ofs_y = -2},
    {.bitmap_index = 4215, .adv_w = 192, .box_w = 11, .box_h = 11, .ofs_x = 0, .ofs_y = -2},
    {.bitmap_index = 4231, .adv_w = 192, .box_w = 11, .box_h = 11, .ofs_x = 0, .ofs_y = -2},
    {.bitmap_index = 4247, .adv_w = 192, .box_w = 11, .box_h = 11, .ofs_x = 0, .ofs_y = -2},
    {.bitmap_index = 4263, .adv_w = 192, .box_w = 11, .box_h = 11, .ofs_x = 0, .ofs_y = -2},
    {.bitmap_index = 4279, .adv_w = 192, .box_w = 11, .box_h = 11, .ofs_x = 0, .ofs_y = -2},
    {.bitmap_index = 4295, .adv_w = 192, .box_w = 11, .box_h = 11, .ofs_x = 0, .ofs_y = -2},
    {.bitmap_index = 4311, .adv_w = 192, .box_w = 11, .box_h = 11, .ofs_x = 0, .ofs_y = -2},
    {.bitmap_index = 4327, .adv_w = 192, .box_w = 11, .box_h = 11, .ofs_x = 0, .ofs_y = -2},
    {.bitmap_index = 4343, .adv_w = 192, .box_w = 11, .box_h = 11, .ofs_x = 0, .ofs_y = -2},
    {.bitmap_index = 4359, .adv_w = 192, .box_w = 11, .box_h = 11, .ofs_x = 0, .ofs_y = -2},
    {.bitmap_index = 4375, .adv_w = 192, .box_w = 11, .box_h = 11, .ofs_x = 0, .ofs_y = -2},
    {.bitmap_index = 4391, .adv_w = 192, .box_w = 11, .box_h = 11, .ofs_x = 0, .ofs_y = -2},
    {.bitmap_index = 4407, .adv_w = 192, .box_w = 11, .box_h = 11, .ofs_x = 0, .ofs_y = -2},
    {.bitmap_index = 4423, .adv_w = 192, .box_w = 11, .box_h = 11, .ofs_x = 0, .ofs_y = -2},
    {.bitmap_index = 4439, .adv_w = 192, .box_w = 11, .box_h = 11, .ofs_x = 0, .ofs_y = -2},
    {.bitmap_index = 4455, .adv_w = 192, .box_w = 11, .box_h = 11, .ofs_x = 0, .ofs_y = -2},
    {.bitmap_index = 4471, .adv_w = 192, .box_w = 11, .box_h = 11, .ofs_x = 0, .ofs_y = -2},
    {.bitmap_index = 4487, .adv_w = 192, .box_w = 11, .box_h = 11, .ofs_x = 0, .ofs_y = -2},
    {.bitmap_index = 4503, .adv_w = 192, .box_w = 11, .box_h = 11, .ofs_x = 0, .ofs_y = -2},
    {.bitmap_index = 4519, .adv_w = 192, .box_w = 11, .box_h = 11, .ofs_x = 0, .ofs_y = -2},
    {.bitmap_index = 4535, .adv_w = 192, .box_w = 11, .box_h = 11, .ofs_x = 0, .ofs_y = -2},
    {.bitmap_index = 4551, .adv_w = 192, .box_w = 11, .box_h = 11, .ofs_x = 0, .ofs_y = -2},
    {.bitmap_index = 4567, .adv_w = 192, .box_w = 11, .box_h = 11, .ofs_x = 0, .ofs_y = -2},
    {.bitmap_index = 4583, .adv_w = 192, .box_w = 11, .box_h = 11, .ofs_x = 0, .ofs_y = -2},
    {.bitmap_index = 4599, .adv_w = 192, .box_w = 11, .box_h = 11, .ofs_x = 0, .ofs_y = -2},
    {.bitmap_index = 4615, .adv_w = 192, .box_w = 11, .box_h = 11, .ofs_x = 0, .ofs_y = -2},
    {.bitmap_index = 4631, .adv_w = 192, .box_w = 11, .box_h = 11, .ofs_x = 0, .ofs_y = -2},
    {.bitmap_index = 4647, .adv_w = 192, .box_w = 11, .box_h = 11, .ofs_x = 0, .ofs_y = -2},
    {.bitmap_index = 4663, .adv_w = 192, .box_w = 11, .box_h = 11, .ofs_x = 0, .ofs_y = -2},
    {.bitmap_index = 4679, .adv_w = 192, .box_w = 11, .box_h = 11, .ofs_x = 0, .ofs_y = -2},
    {.bitmap_index = 4695, .adv_w = 192, .box_w = 11, .box_h = 11, .ofs_x = 0, .ofs_y = -2},
    {.bitmap_index = 4711, .adv_w = 192, .box_w = 11, .box_h = 11, .ofs_x = 0, .ofs_y = -2},
    {.bitmap_index = 4727, .adv_w = 192, .box_w = 11, .box_h = 11, .ofs_x = 0, .ofs_y = -2},
    {.bitmap_index = 4743, .adv_w = 192, .box_w = 11, .box_h = 11, .ofs_x = 0, .ofs_y = -2},
    {.bitmap_index = 4759, .adv_w = 192, .box_w = 11, .box_h = 11, .ofs_x = 0, .ofs_y = -2},
    {.bitmap_index = 4775, .adv_w = 192, .box_w = 11, .box_h = 11, .ofs_x = 0, .ofs_y = -2},
    {.bitmap_index = 4791, .adv_w = 192, .box_w = 11, .box_h = 11, .ofs_x = 0, .ofs_y = -2},
    {.bitmap_index = 4807, .adv_w = 192, .box_w = 11, .box_h = 11, .ofs_x = 0, .ofs_y = -2},
    {.bitmap_index = 4823, .adv_w = 192, .box_w = 11, .box_h = 11, .ofs_x = 0, .ofs_y = -2},
    {.bitmap_index = 4839, .adv_w = 192, .box_w = 11, .box_h = 11, .ofs_x = 0, .ofs_y = -2},
    {.bitmap_index = 4855, .adv_w = 192, .box_w = 11, .box_h = 11, .ofs_x = 0, .ofs_y = -2},
    {.bitmap_index = 4871, .adv_w = 192, .box_w = 11, .box_h = 11, .ofs_x = 0, .ofs_y = -2},
    {.bitmap_index = 4887, .adv_w = 192, .box_w = 11, .box_h = 11, .ofs_x = 0, .ofs_y = -2},
    {.bitmap_index = 4903, .adv_w = 192, .box_w = 11, .box_h = 11, .ofs_x = 0, .ofs_y = -2},
    {.bitmap_index = 4919, .adv_w = 192, .box_w = 11, .box_h = 11, .ofs_x = 0, .ofs_y = -2},
    {.bitmap_index = 4935, .adv_w = 192, .box_w = 10, .box_h = 11, .ofs_x = 0, .ofs_y = -2},
    {.bitmap_index = 4949, .adv_w = 192, .box_w = 11, .box_h = 11, .ofs_x = 0, .ofs_y = -2},
    {.bitmap_index = 4965, .adv_w = 192, .box_w = 11, .box_h = 11, .ofs_x = 0, .ofs_y = -2},
    {.bitmap_index = 4981, .adv_w = 192, .box_w = 11, .box_h = 11, .ofs_x = 0, .ofs_y = -2},
    {.bitmap_index = 4997, .adv_w = 192, .box_w = 9, .box_h = 11, .ofs_x = 1, .ofs_y = -2},
    {.bitmap_index = 5010, .adv_w = 192, .box_w = 11, .box_h = 11, .ofs_x = 0, .ofs_y = -2},
    {.bitmap_index = 5026, .adv_w = 192, .box_w = 11, .box_h = 11, .ofs_x = 0, .ofs_y = -2},
    {.bitmap_index = 5042, .adv_w = 192, .box_w = 11, .box_h = 11, .ofs_x = 0, .ofs_y = -2},
    {.bitmap_index = 5058, .adv_w = 192, .box_w = 9, .box_h = 11, .ofs_x = 1, .ofs_y = -2},
    {.bitmap_index = 5071, .adv_w = 192, .box_w = 11, .box_h = 11, .ofs_x = 0, .ofs_y = -2},
    {.bitmap_index = 5087, .adv_w = 192, .box_w = 11, .box_h = 11, .ofs_x = 0, .ofs_y = -2},
    {.bitmap_index = 5103, .adv_w = 192, .box_w = 11, .box_h = 11, .ofs_x = 0, .ofs_y = -2},
    {.bitmap_index = 5119, .adv_w = 192, .box_w = 11, .box_h = 11, .ofs_x = 0, .ofs_y = -2},
    {.bitmap_index = 5135, .adv_w = 192, .box_w = 11, .box_h = 11, .ofs_x = 0, .ofs_y = -2},
    {.bitmap_index = 5151, .adv_w = 192, .box_w = 11, .box_h = 11, .ofs_x = 0, .ofs_y = -2},
    {.bitmap_index = 5167, .adv_w = 192, .box_w = 11, .box_h = 11, .ofs_x = 0, .ofs_y = -2},
    {.bitmap_index = 5183, .adv_w = 192, .box_w = 11, .box_h = 11, .ofs_x = 0, .ofs_y = -2},
    {.bitmap_index = 5199, .adv_w = 192, .box_w = 11, .box_h = 11, .ofs_x = 0, .ofs_y = -2},
    {.bitmap_index = 5215, .adv_w = 192, .box_w = 11, .box_h = 11, .ofs_x = 0, .ofs_y = -2},
    {.bitmap_index = 5231, .adv_w = 192, .box_w = 11, .box_h = 11, .ofs_x = 0, .ofs_y = -2},
    {.bitmap_index = 5247, .adv_w = 192, .box_w = 11, .box_h = 11, .ofs_x = 0, .ofs_y = -2},
    {.bitmap_index = 5263, .adv_w = 192, .box_w = 11, .box_h = 11, .ofs_x = 0, .ofs_y = -2},
    {.bitmap_index = 5279, .adv_w = 192, .box_w = 11, .box_h = 11, .ofs_x = 0, .ofs_y = -2},
    {.bitmap_index = 5295, .adv_w = 192, .box_w = 11, .box_h = 11, .ofs_x = 0, .ofs_y = -2},
    {.bitmap_index = 5311, .adv_w = 192, .box_w = 11, .box_h = 11, .ofs_x = 0, .ofs_y = -2},
    {.bitmap_index = 5327, .adv_w = 192, .box_w = 11, .box_h = 11, .ofs_x = 0, .ofs_y = -2},
    {.bitmap_index = 5343, .adv_w = 192, .box_w = 11, .box_h = 11, .ofs_x = 0, .ofs_y = -2},
    {.bitmap_index = 5359, .adv_w = 192, .box_w = 11, .box_h = 11, .ofs_x = 0, .ofs_y = -2},
    {.bitmap_index = 5375, .adv_w = 192, .box_w = 11, .box_h = 11, .ofs_x = 0, .ofs_y = -2},
    {.bitmap_index = 5391, .adv_w = 192, .box_w = 11, .box_h = 11, .ofs_x = 0, .ofs_y = -2},
    {.bitmap_index = 5407, .adv_w = 192, .box_w = 11, .box_h = 11, .ofs_x = 0, .ofs_y = -2},
    {.bitmap_index = 5423, .adv_w = 192, .box_w = 11, .box_h = 11, .ofs_x = 0, .ofs_y = -2},
    {.bitmap_index = 5439, .adv_w = 192, .box_w = 11, .box_h = 11, .ofs_x = 0, .ofs_y = -2},
    {.bitmap_index = 5455, .adv_w = 192, .box_w = 11, .box_h = 11, .ofs_x = 0, .ofs_y = -2},
    {.bitmap_index = 5471, .adv_w = 192, .box_w = 11, .box_h = 11, .ofs_x = 0, .ofs_y = -2},
    {.bitmap_index = 5487, .adv_w = 192, .box_w = 11, .box_h = 11, .ofs_x = 0, .ofs_y = -2},
    {.bitmap_index = 5503, .adv_w = 192, .box_w = 11, .box_h = 11, .ofs_x = 0, .ofs_y = -2},
    {.bitmap_index = 5519, .adv_w = 192, .box_w = 11, .box_h = 11, .ofs_x = 0, .ofs_y = -2},
    {.bitmap_index = 5535, .adv_w = 192, .box_w = 11, .box_h = 11, .ofs_x = 0, .ofs_y = -2},
    {.bitmap_index = 5551, .adv_w = 192, .box_w = 11, .box_h = 11, .ofs_x = 0, .ofs_y = -2},
    {.bitmap_index = 5567, .adv_w = 192, .box_w = 11, .box_h = 11, .ofs_x = 0, .ofs_y = -2},
    {.bitmap_index = 5583, .adv_w = 192, .box_w = 11, .box_h = 11, .ofs_x = 0, .ofs_y = -2},
    {.bitmap_index = 5599, .adv_w = 192, .box_w = 11, .box_h = 11, .ofs_x = 0, .ofs_y = -2},
    {.bitmap_index = 5615, .adv_w = 192, .box_w = 11, .box_h = 11, .ofs_x = 0, .ofs_y = -2},
    {.bitmap_index = 5631, .adv_w = 192, .box_w = 11, .box_h = 11, .ofs_x = 0, .ofs_y = -2},
    {.bitmap_index = 5647, .adv_w = 192, .box_w = 11, .box_h = 11, .ofs_x = 0, .ofs_y = -2},
    {.bitmap_index = 5663, .adv_w = 192, .box_w = 11, .box_h = 11, .ofs_x = 0, .ofs_y = -2},
    {.bitmap_index = 5679, .adv_w = 192, .box_w = 11, .box_h = 11, .ofs_x = 0, .ofs_y = -2},
    {.bitmap_index = 5695, .adv_w = 192, .box_w = 11, .box_h = 11, .ofs_x = 0, .ofs_y = -2},
    {.bitmap_index = 5711, .adv_w = 192, .box_w = 11, .box_h = 11, .ofs_x = 0, .ofs_y = -2},
    {.bitmap_index = 5727, .adv_w = 192, .box_w = 11, .box_h = 11, .ofs_x = 0, .ofs_y = -2},
    {.bitmap_index = 5743, .adv_w = 192, .box_w = 11, .box_h = 11, .ofs_x = 0, .ofs_y = -2},
    {.bitmap_index = 5759, .adv_w = 192, .box_w = 11, .box_h = 11, .ofs_x = 0, .ofs_y = -2},
    {.bitmap_index = 5775, .adv_w = 192, .box_w = 9, .box_h = 11, .ofs_x = 1, .ofs_y = -2},
    {.bitmap_index = 5788, .adv_w = 192, .box_w = 11, .box_h = 11, .ofs_x = 0, .ofs_y = -2},
    {.bitmap_index = 5804, .adv_w = 192, .box_w = 11, .box_h = 11, .ofs_x = 0, .ofs_y = -2},
    {.bitmap_index = 5820, .adv_w = 192, .box_w = 11, .box_h = 11, .ofs_x = 0, .ofs_y = -2},
    {.bitmap_index = 5836, .adv_w = 192, .box_w = 11, .box_h = 11, .ofs_x = 0, .ofs_y = -2},
    {.bitmap_index = 5852, .adv_w = 192, .box_w = 11, .box_h = 11, .ofs_x = 0, .ofs_y = -2},
    {.bitmap_index = 5868, .adv_w = 192, .box_w = 11, .box_h = 11, .ofs_x = 0, .ofs_y = -2},
    {.bitmap_index = 5884, .adv_w = 192, .box_w = 11, .box_h = 11, .ofs_x = 0, .ofs_y = -2},
    {.bitmap_index = 5900, .adv_w = 192, .box_w = 11, .box_h = 11, .ofs_x = 0, .ofs_y = -2},
    {.bitmap_index = 5916, .adv_w = 192, .box_w = 11, .box_h = 11, .ofs_x = 0, .ofs_y = -2},
    {.bitmap_index = 5932, .adv_w = 192, .box_w = 11, .box_h = 11, .ofs_x = 0, .ofs_y = -2},
    {.bitmap_index = 5948, .adv_w = 192, .box_w = 11, .box_h = 11, .ofs_x = 0, .ofs_y = -2},
    {.bitmap_index = 5964, .adv_w = 192, .box_w = 11, .box_h = 11, .ofs_x = 0, .ofs_y = -2},
    {.bitmap_index = 5980, .adv_w = 192, .box_w = 11, .box_h = 11, .ofs_x = 0, .ofs_y = -2},
    {.bitmap_index = 5996, .adv_w = 192, .box_w = 11, .box_h = 11, .ofs_x = 0, .ofs_y = -2},
    {.bitmap_index = 6012, .adv_w = 192, .box_w = 11, .box_h = 11, .ofs_x = 0, .ofs_y = -2},
    {.bitmap_index = 6028, .adv_w = 192, .box_w = 11, .box_h = 11, .ofs_x = 0, .ofs_y = -2},
    {.bitmap_index = 6044, .adv_w = 192, .box_w = 11, .box_h = 11, .ofs_x = 0, .ofs_y = -2},
    {.bitmap_index = 6060, .adv_w = 192, .box_w = 11, .box_h = 11, .ofs_x = 0, .ofs_y = -2},
    {.bitmap_index = 6076, .adv_w = 192, .box_w = 10, .box_h = 11, .ofs_x = 0, .ofs_y = -2},
    {.bitmap_index = 6090, .adv_w = 192, .box_w = 11, .box_h = 11, .ofs_x = 0, .ofs_y = -2},
    {.bitmap_index = 6106, .adv_w = 192, .box_w = 11, .box_h = 11, .ofs_x = 0, .ofs_y = -2},
    {.bitmap_index = 6122, .adv_w = 192, .box_w = 11, .box_h = 11, .ofs_x = 0, .ofs_y = -2},
    {.bitmap_index = 6138, .adv_w = 192, .box_w = 11, .box_h = 11, .ofs_x = 0, .ofs_y = -2},
    {.bitmap_index = 6154, .adv_w = 192, .box_w = 11, .box_h = 11, .ofs_x = 0, .ofs_y = -2},
    {.bitmap_index = 6170, .adv_w = 192, .box_w = 11, .box_h = 11, .ofs_x = 0, .ofs_y = -2},
    {.bitmap_index = 6186, .adv_w = 192, .box_w = 11, .box_h = 11, .ofs_x = 0, .ofs_y = -2},
    {.bitmap_index = 6202, .adv_w = 192, .box_w = 11, .box_h = 11, .ofs_x = 0, .ofs_y = -2},
    {.bitmap_index = 6218, .adv_w = 192, .box_w = 11, .box_h = 11, .ofs_x = 0, .ofs_y = -2},
    {.bitmap_index = 6234, .adv_w = 192, .box_w = 11, .box_h = 11, .ofs_x = 0, .ofs_y = -2},
    {.bitmap_index = 6250, .adv_w = 192, .box_w = 11, .box_h = 11, .ofs_x = 0, .ofs_y = -2},
    {.bitmap_index = 6266, .adv_w = 192, .box_w = 11, .box_h = 11, .ofs_x = 0, .ofs_y = -2},
    {.bitmap_index = 6282, .adv_w = 192, .box_w = 11, .box_h = 11, .ofs_x = 0, .ofs_y = -2},
    {.bitmap_index = 6298, .adv_w = 192, .box_w = 11, .box_h = 11, .ofs_x = 0, .ofs_y = -2},
    {.bitmap_index = 6314, .adv_w = 192, .box_w = 11, .box_h = 11, .ofs_x = 0, .ofs_y = -2},
    {.bitmap_index = 6330, .adv_w = 192, .box_w = 11, .box_h = 11, .ofs_x = 0, .ofs_y = -2},
    {.bitmap_index = 6346, .adv_w = 192, .box_w = 11, .box_h = 11, .ofs_x = 0, .ofs_y = -2},
    {.bitmap_index = 6362, .adv_w = 192, .box_w = 11, .box_h = 11, .ofs_x = 0, .ofs_y = -2},
    {.bitmap_index = 6378, .adv_w = 192, .box_w = 11, .box_h = 11, .ofs_x = 0, .ofs_y = -2},
    {.bitmap_index = 6394, .adv_w = 192, .box_w = 11, .box_h = 11, .ofs_x = 0, .ofs_y = -2},
    {.bitmap_index = 6410, .adv_w = 192, .box_w = 11, .box_h = 11, .ofs_x = 0, .ofs_y = -2},
    {.bitmap_index = 6426, .adv_w = 192, .box_w = 11, .box_h = 11, .ofs_x = 0, .ofs_y = -2},
    {.bitmap_index = 6442, .adv_w = 192, .box_w = 11, .box_h = 11, .ofs_x = 0, .ofs_y = -2},
    {.bitmap_index = 6458, .adv_w = 192, .box_w = 11, .box_h = 11, .ofs_x = 0, .ofs_y = -2},
    {.bitmap_index = 6474, .adv_w = 192, .box_w = 11, .box_h = 11, .ofs_x = 0, .ofs_y = -2},
    {.bitmap_index = 6490, .adv_w = 192, .box_w = 11, .box_h = 11, .ofs_x = 0, .ofs_y = -2},
    {.bitmap_index = 6506, .adv_w = 192, .box_w = 11, .box_h = 11, .ofs_x = 0, .ofs_y = -2},
    {.bitmap_index = 6522, .adv_w = 192, .box_w = 11, .box_h = 11, .ofs_x = 0, .ofs_y = -2},
    {.bitmap_index = 6538, .adv_w = 192, .box_w = 11, .box_h = 11, .ofs_x = 0, .ofs_y = -2},
    {.bitmap_index = 6554, .adv_w = 192, .box_w = 11, .box_h = 11, .ofs_x = 0, .ofs_y = -2},
    {.bitmap_index = 6570, .adv_w = 192, .box_w = 11, .box_h = 11, .ofs_x = 0, .ofs_y = -2},
    {.bitmap_index = 6586, .adv_w = 192, .box_w = 11, .box_h = 11, .ofs_x = 0, .ofs_y = -2},
    {.bitmap_index = 6602, .adv_w = 192, .box_w = 11, .box_h = 11, .ofs_x = 0, .ofs_y = -2},
    {.bitmap_index = 6618, .adv_w = 192, .box_w = 11, .box_h = 11, .ofs_x = 0, .ofs_y = -2},
    {.bitmap_index = 6634, .adv_w = 192, .box_w = 11, .box_h = 11, .ofs_x = 0, .ofs_y = -2},
    {.bitmap_index = 6650, .adv_w = 192, .box_w = 11, .box_h = 11, .ofs_x = 0, .ofs_y = -2},
    {.bitmap_index = 6666, .adv_w = 192, .box_w = 11, .box_h = 11, .ofs_x = 0, .ofs_y = -2},
    {.bitmap_index = 6682, .adv_w = 192, .box_w = 11, .box_h = 11, .ofs_x = 0, .ofs_y = -2},
    {.bitmap_index = 6698, .adv_w = 192, .box_w = 11, .box_h = 11, .ofs_x = 0, .ofs_y = -2},
    {.bitmap_index = 6714, .adv_w = 192, .box_w = 11, .box_h = 11, .ofs_x = 0, .ofs_y = -2},
    {.bitmap_index = 6730, .adv_w = 192, .box_w = 11, .box_h = 11, .ofs_x = 0, .ofs_y = -2},
    {.bitmap_index = 6746, .adv_w = 192, .box_w = 11, .box_h = 11, .ofs_x = 0, .ofs_y = -2},
    {.bitmap_index = 6762, .adv_w = 192, .box_w = 11, .box_h = 11, .ofs_x = 0, .ofs_y = -2},
    {.bitmap_index = 6778, .adv_w = 192, .box_w = 11, .box_h = 11, .ofs_x = 0, .ofs_y = -2},
    {.bitmap_index = 6794, .adv_w = 192, .box_w = 11, .box_h = 11, .ofs_x = 0, .ofs_y = -2},
    {.bitmap_index = 6810, .adv_w = 192, .box_w = 11, .box_h = 11, .ofs_x = 0, .ofs_y = -2},
    {.bitmap_index = 6826, .adv_w = 192, .box_w = 11, .box_h = 11, .ofs_x = 0, .ofs_y = -2},
    {.bitmap_index = 6842, .adv_w = 192, .box_w = 11, .box_h = 11, .ofs_x = 0, .ofs_y = -2},
    {.bitmap_index = 6858, .adv_w = 192, .box_w = 11, .box_h = 11, .ofs_x = 0, .ofs_y = -2},
    {.bitmap_index = 6874, .adv_w = 192, .box_w = 11, .box_h = 11, .ofs_x = 0, .ofs_y = -2},
    {.bitmap_index = 6890, .adv_w = 192, .box_w = 11, .box_h = 11, .ofs_x = 0, .ofs_y = -2},
    {.bitmap_index = 6906, .adv_w = 192, .box_w = 11, .box_h = 11, .ofs_x = 0, .ofs_y = -2},
    {.bitmap_index = 6922, .adv_w = 192, .box_w = 11, .box_h = 11, .ofs_x = 0, .ofs_y = -2},
    {.bitmap_index = 6938, .adv_w = 192, .box_w = 11, .box_h = 11, .ofs_x = 0, .ofs_y = -2},
    {.bitmap_index = 6954, .adv_w = 192, .box_w = 11, .box_h = 11, .ofs_x = 0, .ofs_y = -2},
    {.bitmap_index = 6970, .adv_w = 192, .box_w = 11, .box_h = 11, .ofs_x = 0, .ofs_y = -2},
    {.bitmap_index = 6986, .adv_w = 192, .box_w = 11, .box_h = 11, .ofs_x = 0, .ofs_y = -2},
    {.bitmap_index = 7002, .adv_w = 192, .box_w = 11, .box_h = 11, .ofs_x = 0, .ofs_y = -2},
    {.bitmap_index = 7018, .adv_w = 192, .box_w = 11, .box_h = 11, .ofs_x = 0, .ofs_y = -2},
    {.bitmap_index = 7034, .adv_w = 192, .box_w = 11, .box_h = 11, .ofs_x = 0, .ofs_y = -2},
    {.bitmap_index = 7050, .adv_w = 192, .box_w = 11, .box_h = 11, .ofs_x = 0, .ofs_y = -2},
    {.bitmap_index = 7066, .adv_w = 192, .box_w = 11, .box_h = 11, .ofs_x = 0, .ofs_y = -2},
    {.bitmap_index = 7082, .adv_w = 192, .box_w = 11, .box_h = 11, .ofs_x = 0, .ofs_y = -2},
    {.bitmap_index = 7098, .adv_w = 192, .box_w = 11, .box_h = 11, .ofs_x = 0, .ofs_y = -2},
    {.bitmap_index = 7114, .adv_w = 192, .box_w = 11, .box_h = 11, .ofs_x = 0, .ofs_y = -2},
    {.bitmap_index = 7130, .adv_w = 192, .box_w = 11, .box_h = 11, .ofs_x = 0, .ofs_y = -2},
    {.bitmap_index = 7146, .adv_w = 192, .box_w = 11, .box_h = 11, .ofs_x = 0, .ofs_y = -2},
    {.bitmap_index = 7162, .adv_w = 192, .box_w = 11, .box_h = 11, .ofs_x = 0, .ofs_y = -2},
    {.bitmap_index = 7178, .adv_w = 192, .box_w = 11, .box_h = 11, .ofs_x = 0, .ofs_y = -2},
    {.bitmap_index = 7194, .adv_w = 192, .box_w = 11, .box_h = 11, .ofs_x = 0, .ofs_y = -2},
    {.bitmap_index = 7210, .adv_w = 192, .box_w = 11, .box_h = 11, .ofs_x = 0, .ofs_y = -2},
    {.bitmap_index = 7226, .adv_w = 192, .box_w = 11, .box_h = 11, .ofs_x = 0, .ofs_y = -2},
    {.bitmap_index = 7242, .adv_w = 192, .box_w = 11, .box_h = 11, .ofs_x = 0, .ofs_y = -2},
    {.bitmap_index = 7258, .adv_w = 192, .box_w = 11, .box_h = 11, .ofs_x = 0, .ofs_y = -2},
    {.bitmap_index = 7274, .adv_w = 192, .box_w = 11, .box_h = 11, .ofs_x = 0, .ofs_y = -2},
    {.bitmap_index = 7290, .adv_w = 192, .box_w = 11, .box_h = 11, .ofs_x = 0, .ofs_y = -2},
    {.bitmap_index = 7306, .adv_w = 192, .box_w = 3, .box_h = 9, .ofs_x = 1, .ofs_y = -1},
    {.bitmap_index = 7310, .adv_w = 192, .box_w = 3, .box_h = 11, .ofs_x = 7, .ofs_y = -2},
    {.bitmap_index = 7315, .adv_w = 192, .box_w = 3, .box_h = 11, .ofs_x = 1, .ofs_y = -2},
    {.bitmap_index = 7320, .adv_w = 192, .box_w = 2, .box_h = 4, .ofs_x = 2, .ofs_y = -2},
    {.bitmap_index = 7321, .adv_w = 192, .box_w = 2, .box_h = 8, .ofs_x = 2, .ofs_y = -1},
    {.bitmap_index = 7323, .adv_w = 192, .box_w = 2, .box_h = 9, .ofs_x = 2, .ofs_y = -2}
};

/*---------------------
 *  CHARACTER MAPPING
 *--------------------*/

static const uint16_t unicode_list_1[] = {
    0x0, 0x1f5d, 0x1f6f, 0x20db, 0x23a9, 0x23aa, 0x24fb, 0x24ff,
    0x2505, 0x2509, 0x2514, 0x2518, 0x254e, 0x254f, 0x2f4a, 0x2f4b,
    0x2f55, 0x2f56, 0x2f59, 0x2f5a, 0x4d49, 0x4d53, 0x4d54, 0x4d56,
    0x4d57, 0x4d6b, 0x4d73, 0x4d76, 0x4d7b, 0x4d84, 0x4d92, 0x4da8,
    0x4dcf, 0x4dd7, 0x4dea, 0x4ded, 0x4df7, 0x4e03, 0x4e13, 0x4e16,
    0x4e17, 0x4e1f, 0x4e2e, 0x4e3f, 0x4e44, 0x4e46, 0x4e61, 0x4e63,
    0x4e73, 0x4e8f, 0x4e96, 0x4e97, 0x4e98, 0x4e9e, 0x4ea5, 0x4ea9,
    0x4ec8, 0x4ed4, 0x4ee6, 0x4f26, 0x4f2a, 0x4f62, 0x4f68, 0x4f85,
    0x4fa3, 0x5018, 0x508a, 0x5091, 0x5094, 0x50ae, 0x50b1, 0x50b5,
    0x50ba, 0x50bc, 0x50bf, 0x50ce, 0x50d6, 0x50e2, 0x50fb, 0x50fc,
    0x510f, 0x5143, 0x5144, 0x5149, 0x514f, 0x5162, 0x5164, 0x5166,
    0x5172, 0x5174, 0x5179, 0x517f, 0x5196, 0x51e9, 0x51ea, 0x51f1,
    0x5208, 0x525f, 0x5283, 0x528c, 0x5293, 0x529e, 0x52a3, 0x52ce,
    0x52e8, 0x5314, 0x5315, 0x531a, 0x532c, 0x532e, 0x5333, 0x5338,
    0x5340, 0x5351, 0x5355, 0x5356, 0x5357, 0x535a, 0x536f, 0x5375,
    0x5378, 0x5393, 0x53d5, 0x5549, 0x55b1, 0x5627, 0x5643, 0x5671,
    0x5679, 0x5689, 0x5699, 0x56d4, 0x574f, 0x57b4, 0x5839, 0x584d,
    0x5850, 0x5856, 0x5863, 0x5865, 0x5870, 0x5872, 0x5873, 0x587a,
    0x587d, 0x58bc, 0x58c6, 0x58cb, 0x5914, 0x5aa0, 0x5aa1, 0x5ad2,
    0x5ad5, 0x5ae3, 0x5ae7, 0x5aff, 0x5b02, 0x5b0f, 0x5b42, 0x5b45,
    0x5b58, 0x5b5a, 0x5b7a, 0x5b89, 0x5c39, 0x5d34, 0x5d37, 0x5d3a,
    0x5d3b, 0x5d81, 0x5dbc, 0x5dd8, 0x5ddd, 0x5df0, 0x5e43, 0x5e49,
    0x5e4c, 0x5e51, 0x5e58, 0x5e5e, 0x5e69, 0x5e83, 0x5e9c, 0x5e9e,
    0x5ece, 0x5ed4, 0x5f0e, 0x5f21, 0x5f3e, 0x5f4a, 0x5f66, 0x5fb8,
    0x6058, 0x610b, 0x6158, 0x6159, 0x615f, 0x6173, 0x6188, 0x6189,
    0x6194, 0x6196, 0x619c, 0x61b0, 0x61b4, 0x61c7, 0x61d3, 0x61de,
    0x6232, 0x624a, 0x6252, 0x62ab, 0x62b7, 0x62d2, 0x62ee, 0x6319,
    0x6416, 0x642f, 0x6482, 0x6487, 0x6491, 0x649a, 0x64b9, 0x64bd,
    0x64d0, 0x64f6, 0x64f9, 0x6502, 0x6529, 0x6530, 0x653f, 0x6557,
    0x6571, 0x6578, 0x6587, 0x65a3, 0x65b9, 0x65cb, 0x6626, 0x663d,
    0x6648, 0x6649, 0x6652, 0x6656, 0x6673, 0x6675, 0x6683, 0x6689,
    0x668c, 0x669a, 0x66a8, 0x66ae, 0x66c7, 0x66e5, 0x672e, 0x6750,
    0x6780, 0x6782, 0x6785, 0x6795, 0x67f8, 0x6809, 0x696a, 0x6a6a,
    0x6a6b, 0x6aac, 0x6aad, 0x6aae, 0x6ac4, 0x6afe, 0x6b16, 0x6b18,
    0x6b1b, 0x6b5a, 0x6ba9, 0x6bea, 0x6c84, 0x6c94, 0x6cd1, 0x6d4e,
    0x6d81, 0x6e2a, 0x6fb6, 0x7002, 0x7005, 0x7036, 0x7195, 0x71ff,
    0x7245, 0x72f2, 0x72f8, 0x72f9, 0x734f, 0x743f, 0x7471, 0x747a,
    0x747e, 0x74a2, 0x75c6, 0x75c7, 0x75cd, 0x7613, 0x7637, 0x7654,
    0x7668, 0x7685, 0x768a, 0x76a4, 0x772e, 0x7736, 0x774a, 0x77b7,
    0x7883, 0x78a7, 0x78b1, 0x7904, 0x790a, 0x791b, 0x7956, 0x7988,
    0x79c3, 0x7a38, 0x7a6f, 0x7a75, 0x7a92, 0x7a9f, 0x7ac9, 0x7c70,
    0x7df3, 0x7e08, 0x7e18, 0x7e1c, 0x7e22, 0x7e25, 0x7e30, 0x7e36,
    0x7e45, 0x7e5c, 0x7e5f, 0x7e72, 0x7e9a, 0x7eb7, 0x7f4c, 0x7f95,
    0x8025, 0x8046, 0x805a, 0x8133, 0x81bb, 0x81cb, 0x82b8, 0x8300,
    0x8325, 0x836e, 0x8518, 0x85a3, 0x8795, 0x87aa, 0x87ae, 0x87b1,
    0x87f4, 0x87f6, 0x880e, 0x88ca, 0x890b, 0x890d, 0x891b, 0x892c,
    0x8949, 0x8aea, 0x8af1, 0x8af9, 0x8b01, 0x8b03, 0x8b07, 0x8b0a,
    0x8b0f, 0x8b1e, 0x8b23, 0x8b26, 0x8b36, 0x8b38, 0x8b3d, 0x8b40,
    0x8b44, 0x8b4c, 0x8baa, 0x8c6e, 0x8cce, 0x8d3c, 0x8d6b, 0x8df4,
    0x8eb5, 0x8eb7, 0x8edc, 0x8f10, 0x8f17, 0x8f19, 0x8f1d, 0x8f21,
    0x8f22, 0x8f24, 0x8f27, 0x8f49, 0x8f4a, 0x8f52, 0x8f59, 0x8f63,
    0x8f69, 0x9046, 0x9096, 0x9110, 0x9115, 0x9116, 0x9118, 0x9462,
    0x9477, 0x94c8, 0x9536, 0x9537, 0x953d, 0x9568, 0x957e, 0x957f,
    0x958e, 0x95ad, 0x95b2, 0x95d9, 0x9649, 0x96a2, 0x96ab, 0x973c,
    0x97be, 0x97c3, 0x97c4, 0x97cd, 0x97da, 0x9817, 0x98df, 0x99d5,
    0x9def, 0x9e1a, 0x9e99, 0xfe4a, 0xfe51, 0xfe52, 0xfe55, 0xfe63,
    0xfe64
};

/*Collect the unicode lists and glyph_id offsets*/
static const lv_font_fmt_txt_cmap_t cmaps[] =
{
    {
        .range_start = 32, .range_length = 95, .glyph_id_start = 1,
        .unicode_list = NULL, .glyph_id_ofs_list = NULL, .list_length = 0, .type = LV_FONT_FMT_TXT_CMAP_FORMAT0_TINY
    },
    {
        .range_start = 183, .range_length = 65125, .glyph_id_start = 96,
        .unicode_list = unicode_list_1, .glyph_id_ofs_list = NULL, .list_length = 449, .type = LV_FONT_FMT_TXT_CMAP_SPARSE_TINY
    }
};



/*--------------------
 *  ALL CUSTOM DATA
 *--------------------*/

#if LVGL_VERSION_MAJOR == 8
/*Store all the custom data of the font*/
static  lv_font_fmt_txt_glyph_cache_t cache;
#endif

#if LVGL_VERSION_MAJOR >= 8
static const lv_font_fmt_txt_dsc_t font_dsc = {
#else
static lv_font_fmt_txt_dsc_t font_dsc = {
#endif
    .glyph_bitmap = glyph_bitmap,
    .glyph_dsc = glyph_dsc,
    .cmaps = cmaps,
    .kern_dsc = NULL,
    .kern_scale = 0,
    .cmap_num = 2,
    .bpp = 1,
    .kern_classes = 0,
    .bitmap_format = 0,
#if LVGL_VERSION_MAJOR == 8
    .cache = &cache
#endif
};



/*-----------------
 *  PUBLIC FONT
 *----------------*/

/*Initialize a public general font descriptor*/
#if LVGL_VERSION_MAJOR >= 8
const lv_font_t font_pixel_12 = {
#else
lv_font_t font_pixel_12 = {
#endif
    .get_glyph_dsc = lv_font_get_glyph_dsc_fmt_txt,    /*Function pointer to get glyph's data*/
    .get_glyph_bitmap = lv_font_get_bitmap_fmt_txt,    /*Function pointer to get glyph's bitmap*/
    .line_height = 11,          /*The maximum line height required by the font*/
    .base_line = 2,             /*Baseline measured from the bottom of the line*/
#if !(LVGL_VERSION_MAJOR == 6 && LVGL_VERSION_MINOR == 0)
    .subpx = LV_FONT_SUBPX_NONE,
#endif
#if LV_VERSION_CHECK(7, 4, 0) || LVGL_VERSION_MAJOR >= 8
    .underline_position = -2,
    .underline_thickness = 1,
#endif
    .dsc = &font_dsc,          /*The custom font data. Will be accessed by `get_glyph_bitmap/dsc` */
#if LV_VERSION_CHECK(8, 2, 0) || LVGL_VERSION_MAJOR >= 9
    .fallback = NULL,
#endif
    .user_data = NULL,
};



#endif /*#if FONT_PIXEL_12*/

